no,waktu_terima_lokal,seq,ts_epoch_ms,tr_epoch_ms,delay_ms,jitter_ms,delay_valid,time_synced,packet_lost_before_this,n_sent_sejauh_ini,n_received_sejauh_ini,payload_size_bytes,payload_size_bit,elapsed_time_sec,throughput_bps,lat_raw,lon_raw,lat_kf,lon_kf,nav_mode,delivery_status,speed,pwm_l,pwm_r,battery
1,2026-07-10 16:50:22.565,383,1783677022000.0,1783677022564.84,564.840087890625,0.0,True,True,0,1,1,816,6528,0.0,0.0,-7.051091,110.3993,-7.051098,110.3993,1,DELIVERY,0.0,0,0,12.76
2,2026-07-10 16:50:22.572,384,1783677022000.0,1783677022571.737,571.737060546875,6.89697265625,True,True,0,2,2,816,6528,0.00689697265625,1893004.460176991,-7.051089,110.3993,-7.051097,110.3993,1,DELIVERY,0.0,0,0,12.76
3,2026-07-10 16:50:22.770,385,1783677022000.0,1783677022770.028,770.028076171875,198.291015625,True,True,0,3,3,817,6536,0.20518798828125,95483.17211017906,-7.051089,110.3993,-7.051097,110.3993,1,DELIVERY,0.0,0,0,12.76
4,2026-07-10 16:50:23.148,386,1783677023000.0,1783677023147.793,147.79296875,622.235107421875,True,True,0,4,4,815,6520,0.582952880859375,44792.64252285077,-7.051089,110.3993,-7.051097,110.3993,1,DELIVERY,0.0,0,0,12.76
5,2026-07-10 16:50:23.185,387,1783677023000.0,1783677023184.923,184.923095703125,37.130126953125,True,True,0,5,5,816,6528,0.6200830078125,52638.11391179041,-7.051089,110.3993,-7.051097,110.3993,1,DELIVERY,0.0,0,0,12.78
6,2026-07-10 16:50:23.475,388,1783677023000.0,1783677023474.752,474.751953125,289.828857421875,True,True,0,6,6,815,6520,0.909911865234375,43037.13523937087,-7.051089,110.3993,-7.051097,110.3993,1,DELIVERY,0.0,0,0,12.78
7,2026-07-10 16:50:23.597,389,1783677023000.0,1783677023597.115,597.114990234375,122.363037109375,True,True,0,7,7,815,6520,1.03227490234375,44251.77818068122,-7.051089,110.3993,-7.051097,110.3993,1,DELIVERY,0.0,0,0,12.78
8,2026-07-10 16:50:24.057,391,1783677024000.0,1783677024056.302,56.302001953125,540.81298828125,True,True,0,8,8,814,6512,1.4914619140625,34993.8536867076,-7.051089,110.3993,-7.051097,110.3993,1,DELIVERY,0.0,0,0,12.78
9,2026-07-10 16:50:24.207,392,1783677024000.0,1783677024207.128,207.1279296875,150.825927734375,True,True,0,9,9,815,6520,1.642287841796875,35750.12766078905,-7.051089,110.3993,-7.051097,110.3993,1,DELIVERY,0.0,0,0,12.78
10,2026-07-10 16:50:24.405,393,1783677024000.0,1783677024404.631,404.631103515625,197.503173828125,True,True,0,10,10,813,6504,1.839791015625,35447.50433398834,-7.051089,110.3993,-7.051097,110.3993,1,DELIVERY,0.0,0,0,12.78
11,2026-07-10 16:50:24.646,394,1783677024000.0,1783677024645.673,645.673095703125,241.0419921875,True,True,0,11,11,817,6536,2.0808330078125,34482.34420090737,-7.051089,110.3993,-7.051097,110.3993,1,DELIVERY,0.0,0,0,12.78
12,2026-07-10 16:50:25.032,396,1783677025000.0,1783677025031.608,31.60791015625,614.065185546875,True,True,0,12,12,816,6528,2.466767822265625,31733.83376150214,-7.051089,110.3993,-7.051097,110.3993,1,DELIVERY,0.0,0,0,12.78
13,2026-07-10 16:50:25.307,397,1783677025000.0,1783677025307.231,307.23095703125,275.623046875,True,True,0,13,13,817,6536,2.742390869140625,30927.757583505423,-7.051089,110.3993,-7.051097,110.3993,1,DELIVERY,0.0,0,0,12.78
14,2026-07-10 16:50:25.448,398,1783677025000.0,1783677025447.798,447.798095703125,140.567138671875,True,True,0,14,14,815,6520,2.8829580078125,31681.349416984034,-7.051087,110.3993,-7.051097,110.3993,1,DELIVERY,0.0,0,0,12.78
15,2026-07-10 16:50:25.716,399,1783677025000.0,1783677025715.959,715.958984375,268.160888671875,True,True,0,15,15,817,6536,3.151118896484375,31059.443713530884,-7.051087,110.3993,-7.051097,110.3993,1,DELIVERY,0.0,0,0,12.78
16,2026-07-10 16:50:26.024,400,1783677026000.0,1783677026023.948,23.947998046875,692.010986328125,True,True,0,16,16,818,6544,3.45910791015625,30185.81747433357,-7.051087,110.3993,-7.051096,110.3993,1,DELIVERY,0.0,0,0,12.78
17,2026-07-10 16:50:26.243,401,1783677026000.0,1783677026242.946,242.946044921875,218.998046875,True,True,0,17,17,818,6544,3.67810595703125,30167.700793905446,-7.051087,110.3993,-7.051096,110.3993,1,DELIVERY,0.0,0,0,12.78
18,2026-07-10 16:50:26.452,402,1783677026000.0,1783677026452.104,452.10400390625,209.157958984375,True,True,0,18,18,835,6680,3.887263916015625,30262.931085105964,-7.051087,110.3993,-7.051096,110.3993,1,DELIVERY,0.0,18,18,12.78
19,2026-07-10 16:50:26.551,403,1783677026000.0,1783677026551.431,551.430908203125,99.326904296875,True,True,0,19,19,833,6664,3.9865908203125,31180.526320044075,-7.051087,110.3993,-7.051096,110.3993,1,DELIVERY,0.0,79,67,12.78
20,2026-07-10 16:50:26.673,404,1783677026000.0,1783677026673.477,673.47705078125,122.046142578125,True,True,0,20,20,833,6664,4.108636962890625,31876.264849610292,-7.051087,110.3993,-7.051096,110.3993,1,DELIVERY,0.0,79,67,12.78
21,2026-07-10 16:50:27.085,406,1783677027000.0,1783677027085.19,85.18994140625,588.287109375,True,True,0,21,21,834,6672,4.520349853515625,30448.970646144313,-7.051087,110.3993,-7.051095,110.3993,1,DELIVERY,0.0,79,67,12.78
22,2026-07-10 16:50:27.289,407,1783677027000.0,1783677027288.864,288.864013671875,203.674072265625,True,True,0,22,22,833,6664,4.72402392578125,30546.839361347073,-7.051087,110.3993,-7.051095,110.3993,1,DELIVERY,0.0,15,15,12.78
23,2026-07-10 16:50:27.487,408,1783677027000.0,1783677027487.457,487.45703125,198.593017578125,True,True,0,23,23,819,6552,4.922616943359375,30645.488311558587,-7.051087,110.3993,-7.051095,110.3993,3,DELIVERY,0.0,75,75,12.78
24,2026-07-10 16:50:27.701,409,1783677027000.0,1783677027700.929,700.928955078125,213.471923828125,True,True,0,24,24,823,6584,5.1360888671875,30653.675213025173,-7.051087,110.3993,-7.051095,110.3993,3,DELIVERY,0.0,135,102,12.78
25,2026-07-10 16:50:28.101,411,1783677028000.0,1783677028101.377,101.376953125,599.552001953125,True,True,0,25,25,822,6576,5.536536865234375,29624.294751816273,-7.051087,110.3993,-7.051095,110.3993,3,DELIVERY,0.0,180,102,12.78
26,2026-07-10 16:50:28.320,412,1783677028000.0,1783677028320.229,320.22900390625,218.85205078125,True,True,0,26,26,831,6648,5.755388916015625,29652.90486713942,-7.051087,110.3993,-7.051095,110.3993,3,DELIVERY,0.049,9,9,12.78
27,2026-07-10 16:50:28.588,413,1783677028000.0,1783677028587.751,587.7509765625,267.52197265625,True,True,0,27,27,833,6664,6.022910888671875,29442.242011836068,-7.051087,110.3993,-7.051095,110.3993,3,DELIVERY,0.19,72,72,12.78
28,2026-07-10 16:50:28.724,414,1783677028000.0,1783677028724.193,724.193115234375,136.442138671875,True,True,0,28,28,835,6680,6.15935302734375,29874.566238226213,-7.051087,110.3993,-7.051095,110.3993,3,DELIVERY,0.19,132,120,12.78
29,2026-07-10 16:50:29.200,416,1783677029000.0,1783677029199.446,199.446044921875,524.7470703125,True,True,0,29,29,831,6648,6.63460595703125,28736.597355558966,-7.051087,110.3993,-7.051095,110.3993,3,DELIVERY,0.3,172,121,12.78
30,2026-07-10 16:50:29.350,417,1783677029000.0,1783677029349.617,349.616943359375,150.1708984375,True,True,0,30,30,829,6632,6.78477685546875,29078.038114249768,-7.051087,110.3993,-7.051094,110.3993,3,DELIVERY,0.378,6,6,12.66
31,2026-07-10 16:50:29.559,418,1783677029000.0,1783677029558.879,558.87890625,209.261962890625,True,True,0,31,31,837,6696,6.994038818359375,29165.40861405306,-7.051087,110.3993,-7.051094,110.3993,3,DELIVERY,0.3,69,69,12.66
32,2026-07-10 16:50:29.822,419,1783677029000.0,1783677029822.059,822.05908203125,263.18017578125,True,True,0,32,32,832,6656,7.257218994140625,29024.89234100111,-7.051087,110.3993,-7.051094,110.3993,3,DELIVERY,0.3,129,129,12.66
33,2026-07-10 16:50:30.407,421,1783677030000.0,1783677030406.756,406.756103515625,415.302978515625,True,True,0,33,33,836,6688,7.841916015625,27713.635234931673,-7.051085,110.3993,-7.051093,110.3993,3,DELIVERY,0.377,115,175,12.66
34,2026-07-10 16:50:30.431,422,1783677030000.0,1783677030431.144,431.14404296875,24.387939453125,True,True,0,34,34,838,6704,7.866303955078125,28479.95720472703,-7.051085,110.3993,-7.051093,110.3993,3,DELIVERY,0.443,6,6,12.66
35,2026-07-10 16:50:30.941,423,1783677030000.0,1783677030941.141,941.14111328125,509.9970703125,True,True,0,35,35,844,6752,8.376301025390624,27552.018402924758,-7.051085,110.3993,-7.051092,110.3993,3,DELIVERY,0.336,66,66,12.66
36,2026-07-10 16:50:31.001,424,1783677031000.0,1783677031001.308,1.30810546875,939.8330078125,True,True,0,36,36,847,6776,8.436468017578125,28158.703322886162,-7.051085,110.3993,-7.051092,110.3993,3,DELIVERY,0.336,105,129,12.66
37,2026-07-10 16:50:31.019,425,1783677031000.0,1783677031018.773,18.77294921875,17.46484375,True,True,0,37,37,844,6752,8.453932861328125,28899.21223737022,-7.051086,110.3993,-7.051091,110.3993,3,DELIVERY,0.37,106,179,12.66
38,2026-07-10 16:50:31.346,426,1783677031000.0,1783677031346.399,346.39892578125,327.6259765625,True,True,0,38,38,843,6744,8.781558837890625,28589.001637926158,-7.051086,110.3993,-7.051091,110.3993,3,DELIVERY,0.37,106,179,12.66
39,2026-07-10 16:50:31.555,427,1783677031000.0,1783677031555.042,555.0419921875,208.64306640625,True,True,0,39,39,843,6744,8.990201904296875,28675.662987811684,-7.051086,110.3993,-7.051091,110.3993,3,DELIVERY,0.37,106,179,12.66
40,2026-07-10 16:50:31.660,428,1783677031000.0,1783677031660.303,660.302978515625,105.260986328125,True,True,0,40,40,843,6744,9.095462890625,29085.270665297794,-7.051086,110.3993,-7.051091,110.3993,3,DELIVERY,0.425,66,66,12.64
41,2026-07-10 16:50:33.712,429,1783677032000.0,1783677033712.417,1712.4169921875,1052.114013671875,True,True,0,41,41,838,6704,11.147576904296875,24332.462770043458,-7.051086,110.3993,-7.05109,110.3993,3,DELIVERY,0.338,121,126,12.64
42,2026-07-10 16:50:33.715,430,1783677032000.0,1783677033714.317,1714.31689453125,1.89990234375,True,True,0,42,42,839,6712,11.149476806640624,24930.317791633697,-7.051084,110.3993,-7.051089,110.3993,3,DELIVERY,0.361,124,170,12.64
43,2026-07-10 16:50:33.839,431,1783677032000.0,1783677033838.891,1838.89111328125,124.57421875,True,True,0,43,43,839,6712,11.274051025390625,25250.196168074966,-7.051084,110.3993,-7.051089,110.3993,3,DELIVERY,0.361,124,170,12.64
44,2026-07-10 16:50:33.841,432,1783677032000.0,1783677033840.367,1840.366943359375,1.475830078125,True,True,0,44,44,839,6712,11.27552685546875,25842.162741927725,-7.051084,110.3993,-7.051089,110.3993,3,DELIVERY,0.361,124,170,12.64
45,2026-07-10 16:50:33.849,433,1783677032000.0,1783677033849.498,1849.498046875,9.131103515625,True,True,0,45,45,839,6712,11.284657958984376,26416.042124047573,-7.051084,110.3993,-7.051089,110.3993,3,DELIVERY,0.432,60,60,12.63
46,2026-07-10 16:50:34.116,435,1783677034000.0,1783677034115.213,115.212890625,1734.28515625,True,True,0,46,46,843,6744,11.550372802734374,26392.221723599585,-7.051084,110.3993,-7.051085,110.3993,3,DELIVERY,0.356,131,165,12.62
47,2026-07-10 16:50:34.421,436,1783677034000.0,1783677034421.306,421.305908203125,306.093017578125,True,True,0,47,47,843,6744,11.8564658203125,26279.66923045434,-7.051084,110.3993,-7.051085,110.3993,3,DELIVERY,0.356,131,167,12.62
48,2026-07-10 16:50:34.729,437,1783677034000.0,1783677034728.809,728.80908203125,307.503173828125,True,True,0,48,48,844,6752,12.163968994140625,26170.405412356955,-7.051084,110.3993,-7.051085,110.3993,3,DELIVERY,0.356,131,167,12.62
49,2026-07-10 16:50:34.841,438,1783677034000.0,1783677034840.785,840.784912109375,111.975830078125,True,True,0,49,49,838,6704,12.27594482421875,26477.7990333372,-7.051084,110.3993,-7.051085,110.3993,3,DELIVERY,0.425,39,39,12.62
50,2026-07-10 16:50:35.142,440,1783677035000.0,1783677035141.583,141.5830078125,699.201904296875,True,True,0,50,50,839,6712,12.576742919921875,26378.21271471619,-7.051075,110.3993,-7.051082,110.3993,3,DELIVERY,0.35,162,86,12.62
51,2026-07-10 16:50:35.295,441,1783677035000.0,1783677035295.295,295.294921875,153.7119140625,True,True,0,51,51,838,6704,12.730454833984375,26586.32424479292,-7.051075,110.3993,-7.051082,110.3993,3,DELIVERY,0.35,188,86,12.62
52,2026-07-10 16:50:35.556,442,1783677035000.0,1783677035556.004,556.00390625,260.708984375,True,True,0,52,52,839,6712,12.991163818359375,26569.44403335147,-7.051075,110.3993,-7.051082,110.3993,3,DELIVERY,0.35,188,86,12.62
53,2026-07-10 16:50:35.756,443,1783677035000.0,1783677035755.684,755.68408203125,199.68017578125,True,True,0,53,53,843,6744,13.190843994140625,26678.505193171823,-7.051075,110.3993,-7.051082,110.3993,3,DELIVERY,0.403,36,36,12.65
54,2026-07-10 16:50:36.164,445,1783677036000.0,1783677036163.37,163.3701171875,592.31396484375,True,True,0,54,54,847,6776,13.598530029296874,26376.968630229683,-7.051074,110.3993,-7.05108,110.3993,3,DELIVERY,0.371,128,159,12.65
55,2026-07-10 16:50:36.364,446,1783677036000.0,1783677036364.226,364.22607421875,200.85595703125,True,True,0,55,55,846,6768,13.799385986328126,26483.4971905329,-7.051074,110.3993,-7.05108,110.3993,3,DELIVERY,0.371,128,168,12.65
56,2026-07-10 16:50:36.577,447,1783677036000.0,1783677036576.666,576.666015625,212.43994140625,True,True,0,56,56,847,6776,14.011825927734375,26565.559829231166,-7.051074,110.3993,-7.05108,110.3993,3,DELIVERY,0.371,128,168,12.65
57,2026-07-10 16:50:36.774,448,1783677036000.0,1783677036774.382,774.382080078125,197.716064453125,True,True,0,57,57,839,6712,14.2095419921875,26668.276866935325,-7.051074,110.3993,-7.051079,110.3993,1,DELIVERY,0.43,0,0,12.63
58,2026-07-10 16:50:37.296,450,1783677037000.0,1783677037295.883,295.883056640625,478.4990234375,True,True,0,58,58,860,6880,14.73104296875,26191.220867285207,-7.051074,110.3992,-7.051078,110.3993,1,DELIVERY,0.155,92,63,12.63
59,2026-07-10 16:50:37.352,451,1783677037000.0,1783677037351.49,351.489990234375,55.60693359375,True,True,0,59,59,862,6896,14.78664990234375,26559.09232947702,-7.051074,110.3992,-7.051078,110.3993,1,DELIVERY,0.155,92,63,12.63
60,2026-07-10 16:50:37.569,452,1783677037000.0,1783677037568.619,568.618896484375,217.12890625,True,True,0,60,60,860,6880,15.00377880859375,26633.290526191984,-7.051074,110.3992,-7.051078,110.3993,1,DELIVERY,0.155,92,63,12.63
61,2026-07-10 16:50:37.770,453,1783677037000.0,1783677037769.257,769.257080078125,200.63818359375,True,True,0,61,61,861,6888,15.2044169921875,26734.8626526664,-7.051074,110.3992,-7.051078,110.3993,1,DELIVERY,0.186,27,0,12.73
62,2026-07-10 16:50:38.517,455,1783677038000.0,1783677038516.828,516.827880859375,252.42919921875,True,True,0,62,62,854,6832,15.95198779296875,25910.250519510897,-7.051074,110.3992,-7.051078,110.3993,1,DELIVERY,0.136,79,66,12.73
63,2026-07-10 16:50:38.596,456,1783677038000.0,1783677038596.499,596.4990234375,79.671142578125,True,True,0,63,63,851,6808,16.031658935546876,26206.146331397642,-7.051074,110.3992,-7.051077,110.3993,1,DELIVERY,0.17,72,74,12.73
64,2026-07-10 16:50:38.610,457,1783677038000.0,1783677038610.556,610.555908203125,14.056884765625,True,True,0,64,64,851,6808,16.0457158203125,26607.476087762672,-7.051074,110.3992,-7.051077,110.3993,1,DELIVERY,0.17,72,74,12.73
65,2026-07-10 16:50:38.828,458,1783677038000.0,1783677038827.52,827.52001953125,216.964111328125,True,True,0,65,65,851,6808,16.262679931640626,26671.126888263283,-7.051074,110.3992,-7.051077,110.3993,1,DELIVERY,0.192,24,24,12.74
66,2026-07-10 16:50:39.039,459,1783677039000.0,1783677039038.733,38.73291015625,788.787109375,True,True,0,66,66,859,6872,16.473892822265626,26746.319449430706,-7.051071,110.3992,-7.051077,110.3993,1,DELIVERY,0.17,81,66,12.74
67,2026-07-10 16:50:39.236,460,1783677039000.0,1783677039236.104,236.10400390625,197.37109375,True,True,0,67,67,855,6840,16.671263916015626,26839.956601619226,-7.051071,110.3992,-7.051077,110.3993,1,DELIVERY,0.17,82,65,12.74
68,2026-07-10 16:50:39.438,461,1783677039000.0,1783677039437.962,437.9619140625,201.85791015625,True,True,0,68,68,858,6864,16.873121826171875,26925.663471196236,-7.051071,110.3992,-7.051076,110.3993,1,DELIVERY,0.178,80,66,12.74
69,2026-07-10 16:50:39.645,462,1783677039000.0,1783677039644.67,644.669921875,206.7080078125,True,True,0,69,69,856,6848,17.079829833984373,27000.73738922134,-7.051071,110.3992,-7.051076,110.3993,1,DELIVERY,0.178,80,66,12.74
70,2026-07-10 16:50:40.155,464,1783677040000.0,1783677040155.334,155.333984375,489.3359375,True,True,0,70,70,854,6832,17.590493896484375,26605.279121442643,-7.05107,110.3992,-7.051075,110.3993,1,DELIVERY,0.15,81,66,12.74
71,2026-07-10 16:50:40.262,465,1783677040000.0,1783677040261.996,261.99609375,106.662109375,True,True,0,71,71,854,6832,17.697156005859377,26830.977804726772,-7.05107,110.3992,-7.051075,110.3993,1,DELIVERY,0.15,81,65,12.74
72,2026-07-10 16:50:40.464,466,1783677040000.0,1783677040464.024,464.02392578125,202.02783203125,True,True,0,72,72,846,6768,17.899183837890625,26906.25474109636,-7.05107,110.3992,-7.051075,110.3993,1,DELIVERY,0.154,81,65,12.74
73,2026-07-10 16:50:40.668,467,1783677040000.0,1783677040667.83,667.830078125,203.80615234375,True,True,0,73,73,847,6776,18.102989990234374,26977.64293431381,-7.05107,110.3992,-7.051075,110.3993,1,DELIVERY,0.154,81,65,12.74
74,2026-07-10 16:50:41.090,469,1783677041000.0,1783677041089.95,89.949951171875,577.880126953125,True,True,0,74,74,851,6808,18.52510986328125,26730.421771020512,-7.05107,110.3992,-7.051075,110.3993,1,DELIVERY,0.141,75,66,12.74
75,2026-07-10 16:50:41.259,470,1783677041000.0,1783677041259.059,259.05908203125,169.109130859375,True,True,0,75,75,855,6840,18.694218994140623,26854.505136446227,-7.05107,110.3992,-7.051075,110.3993,1,DELIVERY,0.141,80,66,12.74
76,2026-07-10 16:50:41.478,471,1783677041000.0,1783677041477.706,477.7060546875,218.64697265625,True,True,0,76,76,855,6840,18.912865966796875,26905.7054014634,-7.05107,110.3992,-7.051074,110.3993,1,DELIVERY,0.142,81,66,12.74
77,2026-07-10 16:50:41.729,472,1783677041000.0,1783677041728.577,728.576904296875,250.870849609375,True,True,0,77,77,856,6848,19.16373681640625,26910.826679611582,-7.05107,110.3992,-7.051074,110.3993,1,DELIVERY,0.142,81,66,12.74
78,2026-07-10 16:50:42.036,473,1783677042000.0,1783677042036.285,36.284912109375,692.2919921875,True,True,0,78,78,854,6832,19.47144482421875,26836.426609187998,-7.05107,110.3992,-7.051074,110.3993,1,DELIVERY,0.164,9,9,12.73
79,2026-07-10 16:50:42.124,474,1783677042000.0,1783677042124.51,124.510009765625,88.22509765625,True,True,0,79,79,862,6896,19.559669921875,27067.941438412967,-7.05107,110.3992,-7.051074,110.3993,1,DELIVERY,0.123,69,66,12.73
80,2026-07-10 16:50:42.289,475,1783677042000.0,1783677042289.064,289.06396484375,164.553955078125,True,True,0,80,80,861,6888,19.724223876953126,27191.336061981903,-7.05107,110.3992,-7.051074,110.3993,1,DELIVERY,0.123,79,66,12.73
81,2026-07-10 16:50:42.485,476,1783677042000.0,1783677042484.907,484.906982421875,195.843017578125,True,True,0,81,81,856,6848,19.92006689453125,27267.779916397805,-7.05107,110.3992,-7.051073,110.3993,1,DELIVERY,0.152,79,67,12.73
82,2026-07-10 16:50:43.333,477,1783677042000.0,1783677043332.486,1332.486083984375,847.5791015625,True,True,0,82,82,858,6864,20.76764599609375,26485.428348665933,-7.05107,110.3992,-7.051073,110.3993,1,DELIVERY,0.152,79,67,12.73
83,2026-07-10 16:50:43.335,478,1783677043000.0,1783677043334.575,334.574951171875,997.9111328125,True,True,0,83,83,859,6872,20.76973486328125,26813.630682621904,-7.05107,110.3992,-7.051073,110.3993,1,DELIVERY,0.152,6,6,12.73
84,2026-07-10 16:50:43.450,479,1783677043000.0,1783677043450.461,450.4609375,115.885986328125,True,True,0,84,84,855,6840,20.885620849609374,26992.350577432986,-7.05107,110.3992,-7.051073,110.3993,1,DELIVERY,0.169,3,69,12.74
85,2026-07-10 16:50:43.452,480,1783677043000.0,1783677043451.774,451.77392578125,1.31298828125,True,True,0,85,85,862,6896,20.886933837890624,27320.81235230407,-7.051069,110.3992,-7.051073,110.3993,1,DELIVERY,0.095,27,51,12.74
86,2026-07-10 16:50:43.549,481,1783677043000.0,1783677043549.365,549.364990234375,97.591064453125,True,True,0,86,86,861,6888,20.98452490234375,27521.995503243215,-7.051069,110.3992,-7.051072,110.3993,1,DELIVERY,0.105,42,66,12.74
87,2026-07-10 16:50:43.724,482,1783677043000.0,1783677043723.943,723.943115234375,174.578125,True,True,0,87,87,861,6888,21.15910302734375,27620.45249483181,-7.051069,110.3992,-7.051072,110.3993,1,DELIVERY,0.105,78,69,12.74
88,2026-07-10 16:50:44.361,484,1783677044000.0,1783677044361.471,361.470947265625,362.47216796875,True,True,0,88,88,856,6848,21.796630859375,27126.76118684125,-7.051069,110.3992,-7.051072,110.3993,1,DELIVERY,0.104,63,63,12.77
89,2026-07-10 16:50:44.380,485,1783677044000.0,1783677044380.492,380.491943359375,19.02099609375,True,True,0,89,89,860,6880,21.81565185546875,27418.479354310708,-7.051069,110.3992,-7.051072,110.3993,1,DELIVERY,0.076,29,27,12.77
90,2026-07-10 16:50:44.666,486,1783677044000.0,1783677044666.497,666.4970703125,286.005126953125,True,True,0,90,90,862,6896,22.101656982421876,27375.68502131823,-7.051069,110.3992,-7.051072,110.3993,1,DELIVERY,0.079,-31,-33,12.77
91,2026-07-10 16:50:44.767,487,1783677044000.0,1783677044767.406,767.406005859375,100.908935546875,True,True,0,91,91,862,6896,22.20256591796875,27561.859393231112,-7.051069,110.3992,-7.051072,110.3993,1,DELIVERY,0.079,-69,-78,12.77
92,2026-07-10 16:50:45.069,488,1783677045000.0,1783677045068.678,68.677978515625,698.72802734375,True,True,0,92,92,864,6912,22.503837890625,27500.020352431206,-7.051069,110.3992,-7.051072,110.3993,1,DELIVERY,0.079,-69,-78,12.77
93,2026-07-10 16:50:45.176,489,1783677045000.0,1783677045175.913,175.9130859375,107.235107421875,True,True,0,93,93,859,6872,22.611072998046875,27673.52084768599,-7.051069,110.3992,-7.051072,110.3993,1,DELIVERY,0.04,-15,-60,12.77
94,2026-07-10 16:50:45.386,490,1783677045000.0,1783677045386.43,386.429931640625,210.516845703125,True,True,0,94,94,866,6928,22.82158984375,27721.81974750814,-7.051069,110.3992,-7.051072,110.3993,1,DELIVERY,0.008,-45,-78,12.77
95,2026-07-10 16:50:45.583,491,1783677045000.0,1783677045582.885,582.885009765625,196.455078125,True,True,0,95,95,864,6912,23.018044921875,27785.504901512817,-7.051069,110.3992,-7.051072,110.3993,1,DELIVERY,-0.019,-35,-39,12.77
96,2026-07-10 16:50:45.786,492,1783677045000.0,1783677045786.276,786.27587890625,203.390869140625,True,True,0,96,96,861,6888,23.221435791015626,27838.760954226345,-7.051069,110.3992,-7.051072,110.3993,1,DELIVERY,-0.019,28,24,12.77
97,2026-07-10 16:50:46.230,493,1783677046000.0,1783677046230.397,230.39697265625,555.87890625,True,True,0,97,97,859,6872,23.665556884765625,27606.702989548954,-7.051069,110.3992,-7.051072,110.3993,1,DELIVERY,-0.019,77,69,12.77
98,2026-07-10 16:50:46.309,494,1783677046000.0,1783677046308.776,308.77587890625,78.37890625,True,True,0,98,98,861,6888,23.743935791015623,27805.668184539845,-7.051069,110.3992,-7.051072,110.3993,1,DELIVERY,-0.009,-57,-57,12.73
99,2026-07-10 16:50:46.406,495,1783677046000.0,1783677046405.65,405.64990234375,96.8740234375,True,True,0,99,99,862,6896,23.840809814453124,27981.935395314198,-7.051072,110.3992,-7.051072,110.3993,1,DELIVERY,0.011,-39,-15,12.73
100,2026-07-10 16:50:46.611,496,1783677046000.0,1783677046610.998,610.998046875,205.34814453125,True,True,0,100,100,863,6904,24.046157958984374,28030.091175050573,-7.051072,110.3992,-7.051072,110.3993,1,DELIVERY,-0.008,-69,-75,12.73
101,2026-07-10 16:50:47.030,498,1783677047000.0,1783677047029.723,29.722900390625,581.275146484375,True,True,0,101,101,864,6912,24.4648828125,27832.873969544995,-7.051072,110.3992,-7.051072,110.3993,1,DELIVERY,-0.008,-69,-77,12.73
102,2026-07-10 16:50:47.360,499,1783677047000.0,1783677047359.835,359.8349609375,330.112060546875,True,True,0,102,102,867,6936,24.794994873046875,27742.05050341571,-7.051072,110.3992,-7.051072,110.3993,1,DELIVERY,-0.038,-51,-51,12.73
103,2026-07-10 16:50:47.625,500,1783677047000.0,1783677047624.631,624.631103515625,264.796142578125,True,True,0,103,103,865,6920,25.059791015625,27725.051640167156,-7.051072,110.3992,-7.051072,110.3993,1,DELIVERY,-0.043,-68,-77,12.73
104,2026-07-10 16:50:47.838,501,1783677047000.0,1783677047838.057,838.056884765625,213.42578125,True,True,0,104,104,861,6888,25.273216796875,27763.462231161677,-7.051072,110.3992,-7.051072,110.3993,1,DELIVERY,-0.127,-68,-78,12.73
105,2026-07-10 16:50:48.049,502,1783677048000.0,1783677048047.925,47.925048828125,790.1318359375,True,True,0,105,105,859,6872,25.4830849609375,27804.482898601666,-7.051072,110.3992,-7.051072,110.3993,1,DELIVERY,-0.127,-68,-78,12.73
106,2026-07-10 16:50:48.147,503,1783677048000.0,1783677048146.428,146.427978515625,98.5029296875,True,True,0,106,106,861,6888,25.581587890625,27966.67677780032,-7.051072,110.3992,-7.051072,110.3993,1,DELIVERY,-0.127,-68,-78,12.73
107,2026-07-10 16:50:48.255,504,1783677048000.0,1783677048255.1,255.10009765625,108.672119140625,True,True,0,107,107,861,6888,25.690260009765623,28116.49238759845,-7.051072,110.3992,-7.051072,110.3993,1,DELIVERY,-0.138,-48,-48,12.73
108,2026-07-10 16:50:48.550,505,1783677048000.0,1783677048550.077,550.076904296875,294.976806640625,True,True,0,108,108,864,6912,25.98523681640625,28063.31938216496,-7.051075,110.3992,-7.051073,110.3993,1,DELIVERY,-0.09,-68,-78,12.73
109,2026-07-10 16:50:48.862,506,1783677048000.0,1783677048862.074,862.073974609375,311.9970703125,True,True,0,109,109,862,6896,26.29723388671875,27992.601928059692,-7.051075,110.3992,-7.051073,110.3993,1,DELIVERY,-0.101,-66,-79,12.73
110,2026-07-10 16:50:49.085,508,1783677049000.0,1783677049085.422,85.422119140625,776.65185546875,True,True,0,110,110,861,6888,26.52058203125,28016.57969363123,-7.051075,110.3992,-7.051073,110.3993,1,DELIVERY,-0.101,-66,-79,12.73
111,2026-07-10 16:50:49.370,509,1783677049000.0,1783677049369.431,369.430908203125,284.0087890625,True,True,0,111,111,866,6928,26.8045908203125,27978.192430816474,-7.051075,110.3992,-7.051073,110.3993,1,DELIVERY,-0.111,-45,-45,12.73
112,2026-07-10 16:50:49.781,510,1783677049000.0,1783677049781.093,781.093017578125,411.662109375,True,True,0,112,112,861,6888,27.2162529296875,27808.089598346116,-7.051077,110.3992,-7.051073,110.3993,1,DELIVERY,-0.073,-69,-77,12.73
113,2026-07-10 16:50:49.887,511,1783677049000.0,1783677049887.401,887.40087890625,106.307861328125,True,True,0,113,113,869,6952,27.322560791015626,27954.33436280073,-7.051077,110.3992,-7.051074,110.3993,1,DELIVERY,-0.075,-67,-79,12.73
114,2026-07-10 16:50:50.189,513,1783677050000.0,1783677050188.636,188.635986328125,698.764892578125,True,True,0,114,114,864,6912,27.6237958984375,27899.713813176317,-7.051077,110.3992,-7.051074,110.3993,1,DELIVERY,-0.075,-67,-79,12.73
115,2026-07-10 16:50:50.330,514,1783677050000.0,1783677050329.234,329.23388671875,140.597900390625,True,True,0,115,115,862,6896,27.764393798828124,28006.80633022935,-7.051077,110.3992,-7.051074,110.3993,1,DELIVERY,-0.1,-45,-45,12.72
116,2026-07-10 16:50:50.602,515,1783677050000.0,1783677050602.14,602.139892578125,272.906005859375,True,True,0,116,116,866,6928,28.0372998046875,27981.29653943486,-7.051077,110.3992,-7.051074,110.3993,1,DELIVERY,-0.092,-67,-79,12.72
117,2026-07-10 16:50:50.908,516,1783677050000.0,1783677050907.476,907.47607421875,305.336181640625,True,True,0,117,117,865,6920,28.342635986328126,27924.008210872606,-7.051077,110.3992,-7.051074,110.3993,1,DELIVERY,-0.113,-68,-78,12.72
118,2026-07-10 16:50:51.125,517,1783677051000.0,1783677051124.905,124.905029296875,782.571044921875,True,True,0,118,118,866,6928,28.56006494140625,27953.99806120643,-7.051077,110.3992,-7.051074,110.3993,1,DELIVERY,-0.113,-68,-78,12.72
119,2026-07-10 16:50:51.138,518,1783677051000.0,1783677051138.069,138.069091796875,13.1640625,True,True,0,119,119,869,6952,28.57322900390625,28184.423954671158,-7.051077,110.3992,-7.051074,110.3993,1,DELIVERY,-0.113,-68,-78,12.72
120,2026-07-10 16:50:51.424,519,1783677051000.0,1783677051423.245,423.2451171875,285.176025390625,True,True,0,120,120,867,6936,28.858405029296875,28146.254069668877,-7.051077,110.3992,-7.051074,110.3993,1,DELIVERY,-0.135,-36,-36,12.73
121,2026-07-10 16:50:51.667,520,1783677051000.0,1783677051666.315,666.31494140625,243.06982421875,True,True,0,121,121,867,6936,29.101474853515626,28149.501154957336,-7.051079,110.3992,-7.051075,110.3993,1,DELIVERY,-0.122,-69,-78,12.73
122,2026-07-10 16:50:51.761,521,1783677051000.0,1783677051760.78,760.780029296875,94.465087890625,True,True,0,122,122,868,6944,29.19593994140625,28296.263167343957,-7.051079,110.3992,-7.051075,110.3993,1,DELIVERY,-0.117,-68,-79,12.73
123,2026-07-10 16:50:52.072,522,1783677052000.0,1783677052071.483,71.48291015625,689.297119140625,True,True,0,123,123,867,6936,29.506642822265626,28233.37121129098,-7.051079,110.3992,-7.051075,110.3993,1,DELIVERY,-0.117,-68,-79,12.73
124,2026-07-10 16:50:52.176,523,1783677052000.0,1783677052175.958,175.9580078125,104.47509765625,True,True,0,124,124,867,6936,29.611117919921874,28367.993477033044,-7.051079,110.3992,-7.051075,110.3993,1,DELIVERY,-0.117,-68,-79,12.73
125,2026-07-10 16:50:52.383,524,1783677052000.0,1783677052381.907,381.906982421875,205.948974609375,True,True,0,125,125,865,6920,29.81706689453125,28404.135222144705,-7.051079,110.3992,-7.051075,110.3993,1,DELIVERY,-0.137,-33,-33,12.73
126,2026-07-10 16:50:52.647,525,1783677052000.0,1783677052646.557,646.556884765625,264.64990234375,True,True,0,126,126,864,6912,30.081716796875,28384.018298074665,-7.051079,110.3992,-7.051075,110.3993,1,DELIVERY,-0.105,-69,-77,12.73
127,2026-07-10 16:50:52.837,526,1783677052000.0,1783677052836.97,836.969970703125,190.4130859375,True,True,0,127,127,860,6880,30.2721298828125,28432.75327279459,-7.051079,110.3992,-7.051075,110.3993,1,DELIVERY,-0.105,-68,-79,12.73
128,2026-07-10 16:50:53.163,527,1783677053000.0,1783677053162.9,162.89990234375,674.070068359375,True,True,0,128,128,859,6872,30.598059814453126,28354.477547304785,-7.051079,110.3992,-7.051075,110.3993,1,DELIVERY,-0.112,-68,-79,12.73
129,2026-07-10 16:50:53.289,528,1783677053000.0,1783677053288.268,288.26806640625,125.3681640625,True,True,0,129,129,859,6872,30.723427978515623,28462.448936736422,-7.051079,110.3992,-7.051075,110.3993,1,DELIVERY,-0.112,-68,-79,12.73
130,2026-07-10 16:50:53.471,529,1783677053000.0,1783677053470.532,470.531982421875,182.263916015625,True,True,0,130,130,864,6912,30.90569189453125,28518.241979755163,-7.051079,110.3992,-7.051075,110.3993,1,DELIVERY,-0.133,-27,-27,12.73
131,2026-07-10 16:50:53.607,530,1783677053000.0,1783677053606.963,606.962890625,136.430908203125,True,True,0,131,131,861,6888,31.042122802734376,28614.795632525376,-7.051079,110.3992,-7.051075,110.3993,1,DELIVERY,-0.11,-69,-77,12.73
132,2026-07-10 16:50:54.032,532,1783677054000.0,1783677054032.405,32.405029296875,574.557861328125,True,True,0,132,132,863,6904,31.46756494140625,28447.32351126741,-7.051081,110.3992,-7.051076,110.3993,1,DELIVERY,-0.112,-67,-79,12.73
133,2026-07-10 16:50:54.291,533,1783677054000.0,1783677054290.304,290.303955078125,257.89892578125,True,True,0,133,133,867,6936,31.7254638671875,28434.698505165547,-7.051081,110.3992,-7.051076,110.3993,1,DELIVERY,-0.112,-67,-79,12.73
134,2026-07-10 16:50:54.428,534,1783677054000.0,1783677054427.153,427.153076171875,136.84912109375,True,True,0,134,134,852,6816,31.86231298828125,28526.49148021033,-7.051081,110.3992,-7.051076,110.3993,1,DELIVERY,-0.128,-24,-24,12.74
135,2026-07-10 16:50:54.713,535,1783677054000.0,1783677054712.539,712.5390625,285.385986328125,True,True,0,135,135,865,6920,32.147698974609376,28488.50864017798,-7.051081,110.3992,-7.051076,110.3993,1,DELIVERY,-0.092,-69,-78,12.74
136,2026-07-10 16:50:55.104,537,1783677055000.0,1783677055104.02,104.02001953125,608.51904296875,True,True,0,136,136,862,6896,32.539179931640625,28357.69069590918,-7.051083,110.3992,-7.051077,110.3993,1,DELIVERY,-0.094,-67,-79,12.74
137,2026-07-10 16:50:55.411,538,1783677055000.0,1783677055410.979,410.97900390625,306.958984375,True,True,0,137,137,861,6888,32.846138916015626,28302.382888197542,-7.051083,110.3992,-7.051077,110.3993,1,DELIVERY,-0.094,-67,-79,12.74
138,2026-07-10 16:50:55.517,539,1783677055000.0,1783677055517.311,517.31103515625,106.33203125,True,True,0,138,138,857,6856,32.952470947265624,28419.113137180644,-7.051083,110.3992,-7.051077,110.3993,1,DELIVERY,-0.122,-21,-21,12.73
139,2026-07-10 16:50:55.763,540,1783677055000.0,1783677055763.172,763.172119140625,245.861083984375,True,True,0,139,139,855,6840,33.19833203125,28414.680566241743,-7.051084,110.3992,-7.051078,110.3993,1,DELIVERY,-0.118,-66,-80,12.73
140,2026-07-10 16:50:56.072,542,1783677056000.0,1783677056071.586,71.5859375,691.586181640625,True,True,0,140,140,857,6856,33.50674584960937,28357.752324404766,-7.051084,110.3992,-7.051078,110.3993,1,DELIVERY,-0.109,-67,-79,12.73
141,2026-07-10 16:50:56.437,543,1783677056000.0,1783677056436.793,436.79296875,365.20703125,True,True,0,141,141,856,6848,33.871952880859375,28254.17251158266,-7.051084,110.3992,-7.051078,110.3993,1,DELIVERY,-0.109,-67,-79,12.73
142,2026-07-10 16:50:56.744,544,1783677056000.0,1783677056744.406,744.406005859375,307.613037109375,True,True,0,142,142,855,6840,34.17956591796875,28200.007054310805,-7.051084,110.3992,-7.051078,110.3993,1,DELIVERY,-0.127,-15,-15,12.73
143,2026-07-10 16:50:56.849,545,1783677056000.0,1783677056848.637,848.636962890625,104.23095703125,True,True,0,143,143,855,6840,34.283796875,28313.78343359176,-7.051085,110.3993,-7.051078,110.3993,1,DELIVERY,-0.101,-66,-75,12.73
144,2026-07-10 16:50:57.101,547,1783677057000.0,1783677057100.604,100.60400390625,748.032958984375,True,True,0,144,144,852,6816,34.535763916015625,28304.571526986972,-7.051085,110.3993,-7.051079,110.3993,1,DELIVERY,-0.088,-66,-80,12.73
145,2026-07-10 16:50:57.359,548,1783677057000.0,1783677057358.634,358.634033203125,258.030029296875,True,True,0,145,145,851,6808,34.7937939453125,28290.332510077158,-7.051085,110.3993,-7.051079,110.3993,1,DELIVERY,-0.088,-66,-80,12.73
146,2026-07-10 16:50:57.510,549,1783677057000.0,1783677057510.047,510.047119140625,151.4130859375,True,True,0,146,146,854,6832,34.94520703125,28363.26020657563,-7.051085,110.3993,-7.051079,110.3993,1,DELIVERY,-0.113,-9,-9,12.73
147,2026-07-10 16:50:57.790,550,1783677057000.0,1783677057789.333,789.3330078125,279.285888671875,True,True,0,147,147,852,6816,35.22449291992187,28331.87697744191,-7.051085,110.3993,-7.051079,110.3993,1,DELIVERY,-0.101,-67,-72,12.73
148,2026-07-10 16:50:58.181,552,1783677058000.0,1783677058180.566,180.56591796875,608.76708984375,True,True,0,148,148,852,6816,35.61572583007813,28212.032089247354,-7.051085,110.3993,-7.051079,110.3993,1,DELIVERY,-0.116,-67,-79,12.73
149,2026-07-10 16:50:58.382,553,1783677058000.0,1783677058382.269,382.26904296875,201.703125,True,True,0,149,149,854,6832,35.81742895507813,28243.903303857154,-7.051085,110.3993,-7.051079,110.3993,1,DELIVERY,-0.116,-67,-79,12.73
150,2026-07-10 16:50:58.689,554,1783677058000.0,1783677058689.61,689.610107421875,307.341064453125,True,True,0,150,150,853,6824,36.12477001953125,28192.511660264274,-7.051085,110.3993,-7.051079,110.3993,1,DELIVERY,-0.116,-6,-6,12.73
151,2026-07-10 16:50:58.797,555,1783677058000.0,1783677058796.729,796.72900390625,107.118896484375,True,True,0,151,151,854,6832,36.23188891601563,28297.724205783656,-7.051088,110.3993,-7.05108,110.3993,1,DELIVERY,-0.112,-67,-69,12.73
152,2026-07-10 16:50:59.199,557,1783677059000.0,1783677059199.526,199.52587890625,597.203125,True,True,0,152,152,853,6824,36.63468579101563,28172.863441157602,-7.051088,110.3993,-7.051081,110.3993,1,DELIVERY,-0.121,-69,-77,12.73
153,2026-07-10 16:50:59.372,558,1783677059000.0,1783677059372.285,372.284912109375,172.759033203125,True,True,0,153,153,851,6808,36.80744482421875,28225.594168829983,-7.051088,110.3993,-7.051081,110.3993,1,DELIVERY,-0.121,-69,-77,12.73
154,2026-07-10 16:50:59.628,559,1783677059000.0,1783677059627.732,627.73193359375,255.447021484375,True,True,0,154,154,850,6800,37.06289184570313,28214.52800697294,-7.051088,110.3993,-7.051081,110.3993,1,DELIVERY,-0.121,-3,-3,12.73
155,2026-07-10 16:50:59.983,560,1783677059000.0,1783677059982.914,982.9140625,355.18212890625,True,True,0,155,155,851,6808,37.41807397460938,28128.652498634856,-7.051088,110.3993,-7.051081,110.3993,1,DELIVERY,-0.142,-63,-63,12.73
156,2026-07-10 16:51:00.327,562,1783677060000.0,1783677060326.528,326.528076171875,656.385986328125,True,True,0,156,156,853,6824,37.76168798828125,28053.40694326882,-7.05109,110.3993,-7.051082,110.3993,1,DELIVERY,-0.111,-69,-77,12.73
157,2026-07-10 16:51:00.537,563,1783677060000.0,1783677060536.921,536.9208984375,210.392822265625,True,True,0,157,157,856,6848,37.97208081054688,28078.313783211517,-7.05109,110.3993,-7.051082,110.3993,1,DELIVERY,-0.111,-69,-77,12.73
158,2026-07-10 16:51:00.597,564,1783677060000.0,1783677060596.579,596.5791015625,59.658203125,True,True,0,158,158,855,6840,38.031739013671874,28214.11872894532,-7.05109,110.3993,-7.051082,110.3993,1,DELIVERY,-0.111,-69,-77,12.73
159,2026-07-10 16:51:01.043,566,1783677061000.0,1783677061042.723,42.722900390625,553.856201171875,True,True,0,159,159,858,6864,38.4778828125,28065.369533512454,-7.05109,110.3993,-7.051082,110.3993,1,DELIVERY,-0.111,-69,-78,12.73
160,2026-07-10 16:51:01.249,567,1783677061000.0,1783677061248.571,248.571044921875,205.84814453125,True,True,0,160,160,858,6864,38.68373095703125,28093.46392174894,-7.051091,110.3993,-7.051083,110.3993,1,DELIVERY,-0.11,-69,-77,12.73
161,2026-07-10 16:51:01.495,568,1783677061000.0,1783677061495.012,495.011962890625,246.44091796875,True,True,0,161,161,858,6864,38.930171875,28091.9386513754,-7.051091,110.3993,-7.051083,110.3993,1,DELIVERY,-0.11,-69,-77,12.73
162,2026-07-10 16:51:01.659,569,1783677061000.0,1783677061658.674,658.674072265625,163.662109375,True,True,0,162,162,855,6840,39.093833984375,28149.298440256145,-7.051091,110.3993,-7.051083,110.3993,1,DELIVERY,-0.11,-69,-77,12.73
163,2026-07-10 16:51:02.067,571,1783677062000.0,1783677062067.156,67.156005859375,591.51806640625,True,True,0,163,163,857,6856,39.50231591796875,28031.77419520115,-7.051091,110.3993,-7.051083,110.3993,1,DELIVERY,-0.107,-68,-78,12.73
164,2026-07-10 16:51:02.274,572,1783677062000.0,1783677062272.184,272.18408203125,205.028076171875,True,True,0,164,164,856,6848,39.70734399414062,28059.494489593944,-7.051091,110.3993,-7.051083,110.3993,1,DELIVERY,-0.1,-47,-21,12.73
165,2026-07-10 16:51:02.477,573,1783677062000.0,1783677062477.377,477.376953125,205.19287109375,True,True,0,165,165,854,6832,39.91253686523437,28086.413143446207,-7.051091,110.3993,-7.051083,110.3993,1,DELIVERY,-0.1,-69,-78,12.73
166,2026-07-10 16:51:02.684,574,1783677062000.0,1783677062683.937,683.93701171875,206.56005859375,True,True,0,166,166,854,6832,40.119096923828124,28112.09838898795,-7.051091,110.3993,-7.051083,110.3993,1,DELIVERY,-0.1,-69,-78,12.73
167,2026-07-10 16:51:03.092,576,1783677063000.0,1783677063091.602,91.60205078125,592.3349609375,True,True,0,167,167,853,6824,40.526761962890625,27997.696954890624,-7.051091,110.3993,-7.051084,110.3993,1,DELIVERY,-0.078,-68,-78,12.76
168,2026-07-10 16:51:03.321,577,1783677063000.0,1783677063320.78,320.780029296875,229.177978515625,True,True,0,168,168,859,6872,40.75593994140625,28008.87432951234,-7.051091,110.3993,-7.051084,110.3993,1,DELIVERY,-0.089,-69,-78,12.76
169,2026-07-10 16:51:03.465,578,1783677063000.0,1783677063464.606,464.60595703125,143.825927734375,True,True,0,169,169,857,6856,40.89976586914062,28078.009142503914,-7.051091,110.3993,-7.051084,110.3993,1,DELIVERY,-0.089,-69,-78,12.76
170,2026-07-10 16:51:03.705,579,1783677063000.0,1783677063705.162,705.162109375,240.55615234375,True,True,0,170,170,858,6864,41.14032202148437,28080.6747063551,-7.051091,110.3993,-7.051084,110.3993,1,DELIVERY,-0.089,-69,-78,12.76
171,2026-07-10 16:51:04.115,581,1783677064000.0,1783677064115.176,115.176025390625,589.986083984375,True,True,0,171,171,855,6840,41.5503359375,27968.197459294006,-7.051091,110.3993,-7.051084,110.3993,1,DELIVERY,-0.098,-33,-78,12.72
172,2026-07-10 16:51:04.423,582,1783677064000.0,1783677064422.394,422.39404296875,307.218017578125,True,True,0,172,172,857,6856,41.857553955078124,27926.715480185976,-7.051091,110.3993,-7.051084,110.3993,1,DELIVERY,-0.057,-68,-79,12.72
173,2026-07-10 16:51:04.718,583,1783677064000.0,1783677064717.207,717.20703125,294.81298828125,True,True,0,173,173,857,6856,42.152366943359375,27894.044516644488,-7.051091,110.3993,-7.051084,110.3993,1,DELIVERY,-0.057,-68,-79,12.72
174,2026-07-10 16:51:04.735,584,1783677064000.0,1783677064735.04,735.0400390625,17.8330078125,True,True,0,174,174,858,6864,42.170199951171874,28045.01760412295,-7.051091,110.3993,-7.051084,110.3993,1,DELIVERY,-0.057,-68,-79,12.72
175,2026-07-10 16:51:05.038,585,1783677065000.0,1783677065037.575,37.574951171875,697.465087890625,True,True,0,175,175,853,6824,42.47273486328125,28005.9196524296,-7.051091,110.3993,-7.051084,110.3993,1,DELIVERY,-0.087,-6,-6,12.72
176,2026-07-10 16:51:05.144,586,1783677065000.0,1783677065143.681,143.680908203125,106.10595703125,True,True,0,176,176,860,6880,42.5788408203125,28097.71184351419,-7.051095,110.3993,-7.051085,110.3993,1,DELIVERY,-0.087,-66,-66,12.72
177,2026-07-10 16:51:05.586,587,1783677065000.0,1783677065585.743,585.742919921875,442.06201171875,True,True,0,177,177,858,6864,43.02090283203125,27968.543679751245,-7.051095,110.3993,-7.051085,110.3993,1,DELIVERY,-0.051,-57,-60,12.72
178,2026-07-10 16:51:05.658,588,1783677065000.0,1783677065657.474,657.47412109375,71.731201171875,True,True,0,178,178,854,6832,43.092634033203126,28080.529936221552,-7.051095,110.3993,-7.051085,110.3993,1,DELIVERY,-0.051,6,3,12.72
179,2026-07-10 16:51:05.735,589,1783677065000.0,1783677065735.406,735.406005859375,77.931884765625,True,True,0,179,179,854,6832,43.17056591796875,28188.094691932103,-7.051095,110.3993,-7.051085,110.3993,1,DELIVERY,-0.051,66,63,12.72
180,2026-07-10 16:51:06.061,590,1783677066000.0,1783677066061.192,61.19189453125,674.214111328125,True,True,0,180,180,846,6768,43.496351806640625,28132.566276815476,-7.051095,110.3993,-7.051085,110.3993,1,DELIVERY,-0.041,-36,-36,12.74
181,2026-07-10 16:51:06.169,591,1783677066000.0,1783677066168.867,168.866943359375,107.675048828125,True,True,0,181,181,852,6816,43.60402685546875,28219.412029961975,-7.051095,110.3993,-7.051085,110.3993,1,DELIVERY,0.008,0,0,12.74
182,2026-07-10 16:51:06.351,592,1783677066000.0,1783677066350.644,350.64404296875,181.777099609375,True,True,0,182,182,856,6848,43.78580395507812,28258.656647470307,-7.051096,110.3993,-7.051085,110.3993,1,DELIVERY,0.003,63,63,12.74
183,2026-07-10 16:51:06.558,593,1783677066000.0,1783677066557.791,557.791015625,207.14697265625,True,True,0,183,183,854,6832,43.99295092773438,28280.8944106463,-7.051096,110.3993,-7.051085,110.3993,1,DELIVERY,0.003,76,69,12.74
184,2026-07-10 16:51:06.777,594,1783677066000.0,1783677066777.051,777.051025390625,219.260009765625,True,True,0,184,184,856,6848,44.2122109375,28295.53133564098,-7.051096,110.3993,-7.051085,110.3993,1,DELIVERY,0.003,76,69,12.74
185,2026-07-10 16:51:07.086,595,1783677067000.0,1783677067085.693,85.693115234375,691.35791015625,True,True,0,185,185,852,6816,44.52085302734375,28252.46855057947,-7.051096,110.3993,-7.051085,110.3993,1,DELIVERY,0.042,30,30,12.72
186,2026-07-10 16:51:07.193,596,1783677067000.0,1783677067192.593,192.593017578125,106.89990234375,True,True,0,186,186,853,6824,44.6277529296875,28337.70281897219,-7.051096,110.3993,-7.051085,110.3993,1,DELIVERY,0.092,82,72,12.72
187,2026-07-10 16:51:07.386,597,1783677067000.0,1783677067385.551,385.551025390625,192.9580078125,True,True,0,187,187,855,6840,44.8207109375,28368.31396478783,-7.051096,110.3993,-7.051085,110.3993,1,DELIVERY,0.092,85,76,12.72
188,2026-07-10 16:51:07.597,598,1783677067000.0,1783677067597.267,597.26708984375,211.716064453125,True,True,0,188,188,854,6832,45.032427001953124,28386.65568579187,-7.051096,110.3993,-7.051085,110.3993,1,DELIVERY,0.125,85,76,12.72
189,2026-07-10 16:51:08.112,600,1783677068000.0,1783677068112.402,112.402099609375,484.864990234375,True,True,0,189,189,855,6840,45.54756201171875,28215.780235819126,-7.051096,110.3993,-7.051085,110.3993,1,DELIVERY,0.156,24,24,12.72
190,2026-07-10 16:51:08.416,601,1783677068000.0,1783677068415.651,415.65087890625,303.248779296875,True,True,0,190,190,853,6824,45.850810791015626,28177.996805525665,-7.051095,110.3993,-7.051085,110.3993,1,DELIVERY,0.158,87,85,12.72
191,2026-07-10 16:51:08.621,602,1783677068000.0,1783677068620.298,620.298095703125,204.647216796875,True,True,0,191,191,854,6832,46.0554580078125,28201.130901351124,-7.051095,110.3993,-7.051085,110.3993,1,DELIVERY,0.158,92,84,12.72
192,2026-07-10 16:51:08.631,603,1783677068000.0,1783677068631.343,631.343017578125,11.044921875,True,True,0,192,192,855,6840,46.0665029296875,28342.85037856806,-7.051095,110.3993,-7.051085,110.3993,1,DELIVERY,0.192,93,84,12.72
193,2026-07-10 16:51:09.020,605,1783677069000.0,1783677069020.491,20.490966796875,610.85205078125,True,True,0,193,193,858,6864,46.45565087890625,28253.182878037464,-7.051095,110.3993,-7.051085,110.3993,1,DELIVERY,0.225,21,21,12.72
194,2026-07-10 16:51:09.235,606,1783677069000.0,1783677069234.657,234.656982421875,214.166015625,True,True,0,194,194,853,6824,46.66981689453125,28269.748796777476,-7.051095,110.3993,-7.051085,110.3993,1,DELIVERY,0.214,84,84,12.72
195,2026-07-10 16:51:09.543,607,1783677069000.0,1783677069542.389,542.388916015625,307.73193359375,True,True,0,195,195,853,6824,46.977548828125,28229.825375776865,-7.051095,110.3993,-7.051085,110.3993,1,DELIVERY,0.214,99,92,12.72
196,2026-07-10 16:51:09.783,608,1783677069000.0,1783677069782.242,782.241943359375,239.85302734375,True,True,0,196,196,851,6808,47.21740185546875,28230.608792923533,-7.051095,110.3993,-7.051085,110.3993,1,DELIVERY,0.224,98,92,12.72
197,2026-07-10 16:51:10.055,610,1783677070000.0,1783677070054.966,54.966064453125,727.27587890625,True,True,0,197,197,853,6824,47.4901259765625,28212.18037326797,-7.051095,110.3993,-7.051085,110.3993,1,DELIVERY,0.257,18,18,12.72
198,2026-07-10 16:51:10.362,611,1783677070000.0,1783677070361.235,361.235107421875,306.26904296875,True,True,0,198,198,850,6800,47.79639501953125,28173.672919259556,-7.051095,110.3993,-7.051085,110.3993,1,DELIVERY,0.221,78,78,12.72
199,2026-07-10 16:51:10.474,612,1783677070000.0,1783677070473.876,473.8759765625,112.640869140625,True,True,0,199,199,847,6776,47.90903588867187,28248.86735656492,-7.051095,110.3993,-7.051085,110.3993,1,DELIVERY,0.221,86,80,12.72
200,2026-07-10 16:51:10.773,613,1783677070000.0,1783677070772.792,772.7919921875,298.916015625,True,True,0,200,200,846,6768,48.20795190429688,28214.100501514306,-7.051094,110.3993,-7.051085,110.3993,1,DELIVERY,0.208,82,76,12.72
201,2026-07-10 16:51:11.093,615,1783677071000.0,1783677071092.602,92.60205078125,680.18994140625,True,True,0,201,201,850,6800,48.52776196289062,28168.288515866603,-7.051094,110.3993,-7.051084,110.3993,1,DELIVERY,0.225,15,15,12.73
202,2026-07-10 16:51:11.386,616,1783677071000.0,1783677071386.282,386.281982421875,293.679931640625,True,True,0,202,202,853,6824,48.82144189453125,28138.619972915694,-7.051094,110.3993,-7.051084,110.3993,1,DELIVERY,0.119,76,71,12.73
203,2026-07-10 16:51:11.503,617,1783677071000.0,1783677071503.038,503.0380859375,116.756103515625,True,True,0,203,203,847,6776,48.938197998046874,28209.947576228646,-7.051094,110.3993,-7.051084,110.3993,1,DELIVERY,0.119,75,71,12.73
204,2026-07-10 16:51:11.796,618,1783677071000.0,1783677071796.473,796.472900390625,293.434814453125,True,True,0,204,204,848,6784,49.2316328125,28179.605687336756,-7.051094,110.3993,-7.051084,110.3993,1,DELIVERY,0.162,75,71,12.73
205,2026-07-10 16:51:12.001,619,1783677072000.0,1783677072000.89,0.889892578125,795.5830078125,True,True,0,205,205,847,6776,49.4360498046875,28200.14959746666,-7.051094,110.3993,-7.051084,110.3993,1,DELIVERY,0.162,75,71,12.73
206,2026-07-10 16:51:12.312,620,1783677072000.0,1783677072312.032,312.031982421875,311.14208984375,True,True,0,206,206,840,6720,49.74719189453125,28158.85573943308,-7.051094,110.3993,-7.051084,110.3993,1,DELIVERY,0.177,12,12,12.74
207,2026-07-10 16:51:12.615,621,1783677072000.0,1783677072615.032,615.031982421875,303.0,True,True,0,207,207,853,6824,50.05019189453125,28124.7273330396,-7.051095,110.3993,-7.051084,110.3993,1,DELIVERY,0.111,74,73,12.74
208,2026-07-10 16:51:12.893,622,1783677072000.0,1783677072892.676,892.676025390625,277.64404296875,True,True,0,208,208,856,6848,50.3278359375,28105.63922829113,-7.051095,110.3993,-7.051084,110.3993,1,DELIVERY,0.111,74,73,12.74
209,2026-07-10 16:51:12.942,623,1783677072000.0,1783677072941.767,941.76708984375,49.091064453125,True,True,0,209,209,855,6840,50.37692700195313,28214.027424596472,-7.051095,110.3993,-7.051084,110.3993,1,DELIVERY,0.131,74,73,12.74
210,2026-07-10 16:51:13.229,625,1783677073000.0,1783677073229.037,229.037109375,712.72998046875,True,True,0,210,210,844,6752,50.66419702148438,28187.321302939294,-7.051095,110.3993,-7.051084,110.3993,1,DELIVERY,0.148,9,9,12.71
211,2026-07-10 16:51:13.522,626,1783677073000.0,1783677073522.08,522.080078125,293.04296875,True,True,0,211,211,849,6792,50.95723999023438,28158.510945156868,-7.051095,110.3993,-7.051083,110.3993,1,DELIVERY,0.074,69,69,12.71
212,2026-07-10 16:51:13.556,627,1783677073000.0,1783677073556.144,556.14404296875,34.06396484375,True,True,0,212,212,850,6800,50.99130395507812,28273.05615228194,-7.051095,110.3993,-7.051083,110.3993,1,DELIVERY,0.074,35,36,12.71
213,2026-07-10 16:51:13.847,628,1783677073000.0,1783677073846.713,846.712890625,290.56884765625,True,True,0,213,213,852,6816,51.28187280273438,28245.770305072896,-7.051095,110.3993,-7.051083,110.3993,1,DELIVERY,0.085,62,63,12.71
214,2026-07-10 16:51:14.151,629,1783677074000.0,1783677074151.312,151.31201171875,695.40087890625,True,True,0,214,214,852,6816,51.58647192382813,28211.117095755137,-7.051095,110.3993,-7.051083,110.3993,1,DELIVERY,0.085,71,76,12.71
215,2026-07-10 16:51:14.459,630,1783677074000.0,1783677074459.143,459.14306640625,307.8310546875,True,True,0,215,215,853,6824,51.894302978515626,28175.27004082371,-7.051095,110.3993,-7.051083,110.3993,1,DELIVERY,0.085,-3,-3,12.71
216,2026-07-10 16:51:14.565,631,1783677074000.0,1783677074564.554,564.553955078125,105.410888671875,True,True,0,216,216,847,6776,51.9997138671875,28248.46313100393,-7.051095,110.3993,-7.051083,110.3993,1,DELIVERY,0.09,33,33,12.76
217,2026-07-10 16:51:14.584,632,1783677074000.0,1783677074583.709,583.708984375,19.155029296875,True,True,0,217,217,851,6808,52.01886889648438,28368.93672057015,-7.051098,110.3992,-7.051084,110.3993,1,DELIVERY,0.039,69,77,12.76
218,2026-07-10 16:51:15.072,634,1783677075000.0,1783677075072.258,72.258056640625,511.450927734375,True,True,0,218,218,852,6816,52.50741796875,28234.791527595917,-7.051098,110.3992,-7.051085,110.3993,1,DELIVERY,0.05,69,77,12.76
219,2026-07-10 16:51:15.308,635,1783677075000.0,1783677075307.74,307.739990234375,235.48193359375,True,True,0,219,219,853,6824,52.74289990234375,28238.11361828091,-7.051098,110.3992,-7.051085,110.3993,1,DELIVERY,0.05,69,77,12.76
220,2026-07-10 16:51:15.497,636,1783677075000.0,1783677075496.599,496.59912109375,188.859130859375,True,True,0,220,220,849,6792,52.93175903320312,28265.67692680478,-7.051098,110.3992,-7.051085,110.3993,1,DELIVERY,0.086,-9,42,12.72
221,2026-07-10 16:51:15.622,637,1783677075000.0,1783677075620.591,620.591064453125,123.991943359375,True,True,0,221,221,849,6792,53.0557509765625,28327.63597416478,-7.051098,110.3992,-7.051085,110.3993,1,DELIVERY,0.04,0,51,12.72
222,2026-07-10 16:51:16.207,639,1783677076000.0,1783677076206.797,206.797119140625,413.7939453125,True,True,0,222,222,858,6864,53.64195703125,28146.027541844465,-7.051098,110.3992,-7.051085,110.3993,1,DELIVERY,0.018,-69,-25,12.72
223,2026-07-10 16:51:16.511,640,1783677076000.0,1783677076510.64,510.639892578125,303.8427734375,True,True,0,223,223,862,6896,53.9457998046875,28115.330674330075,-7.051098,110.3992,-7.051085,110.3993,1,DELIVERY,0.018,-76,-69,12.72
224,2026-07-10 16:51:16.713,641,1783677076000.0,1783677076712.674,712.674072265625,202.0341796875,True,True,0,224,224,835,6680,54.147833984375,28133.793873261682,-7.051098,110.3992,-7.051085,110.3993,1,DELIVERY,0.0,0,0,12.74
225,2026-07-10 16:51:17.059,642,1783677076000.0,1783677077058.888,1058.887939453125,346.2138671875,True,True,0,225,225,841,6728,54.4940478515625,28078.51610083921,-7.051098,110.3992,-7.051085,110.3993,1,DELIVERY,-0.042,0,0,12.74
226,2026-07-10 16:51:17.060,643,1783677077000.0,1783677077060.123,60.123046875,998.764892578125,True,True,0,226,226,845,6760,54.495282958984376,28201.927149487776,-7.051098,110.3992,-7.051085,110.3993,1,DELIVERY,-0.038,0,0,12.74
227,2026-07-10 16:51:17.065,644,1783677077000.0,1783677077064.542,64.5419921875,4.4189453125,True,True,0,227,227,845,6760,54.49970190429688,28323.677856269092,-7.051098,110.3992,-7.051085,110.3993,1,DELIVERY,-0.038,0,0,12.74
228,2026-07-10 16:51:17.428,645,1783677077000.0,1783677077427.634,427.634033203125,363.092041015625,True,True,0,228,228,845,6760,54.8627939453125,28259.443030652765,-7.051098,110.3992,-7.051085,110.3993,1,DELIVERY,-0.038,0,0,12.74
229,2026-07-10 16:51:17.635,646,1783677077000.0,1783677077635.205,635.205078125,207.571044921875,True,True,0,229,229,843,6744,55.070364990234374,28275.389136718575,-7.051098,110.3992,-7.051085,110.3993,1,DELIVERY,-0.059,0,0,12.77
230,2026-07-10 16:51:17.674,647,1783677077000.0,1783677077674.086,674.0859375,38.880859375,True,True,0,230,230,840,6720,55.10924584960937,28377.379800618066,-7.051098,110.3992,-7.051085,110.3993,1,DELIVERY,-0.119,0,0,12.77
231,2026-07-10 16:51:18.105,649,1783677078000.0,1783677078105.411,105.410888671875,568.675048828125,True,True,0,231,231,838,6704,55.54057080078125,28277.70722114919,-7.051087,110.3992,-7.051086,110.3993,1,DELIVERY,-0.347,0,0,12.77
232,2026-07-10 16:51:18.460,650,1783677078000.0,1783677078459.102,459.10205078125,353.691162109375,True,True,0,232,232,835,6680,55.894261962890624,28218.281172531857,-7.051087,110.3992,-7.051086,110.3993,1,DELIVERY,-0.347,0,0,12.77
233,2026-07-10 16:51:18.656,651,1783677078000.0,1783677078656.374,656.3740234375,197.27197265625,True,True,0,233,233,838,6704,56.09153393554688,28238.5573876454,-7.051087,110.3992,-7.051086,110.3993,1,DELIVERY,-0.382,0,0,12.76
234,2026-07-10 16:51:18.992,652,1783677078000.0,1783677078991.376,991.3759765625,335.001953125,True,True,0,234,234,842,6736,56.42653588867187,28190.28272687821,-7.051087,110.3992,-7.051087,110.3993,1,DELIVERY,-0.432,0,0,12.76
235,2026-07-10 16:51:19.069,653,1783677079000.0,1783677079069.128,69.1279296875,922.248046875,True,True,0,235,235,845,6760,56.504287841796874,28271.128811897976,-7.051087,110.3992,-7.051088,110.3993,1,DELIVERY,-0.424,0,0,12.76
236,2026-07-10 16:51:19.111,654,1783677079000.0,1783677079110.91,110.909912109375,41.781982421875,True,True,0,236,236,845,6760,56.54606982421875,28369.787767511993,-7.051087,110.3992,-7.051088,110.3993,1,DELIVERY,-0.424,0,0,12.76
237,2026-07-10 16:51:19.476,655,1783677079000.0,1783677079476.457,476.45703125,365.547119140625,True,True,0,237,237,845,6760,56.91161694335938,28306.347394826073,-7.051087,110.3992,-7.051088,110.3993,1,DELIVERY,-0.424,0,0,12.76
238,2026-07-10 16:51:19.680,656,1783677079000.0,1783677079680.1,680.10009765625,203.64306640625,True,True,0,238,238,840,6720,57.11526000976563,28323.078625982045,-7.051087,110.3992,-7.051088,110.3993,1,DELIVERY,-0.429,0,0,12.76
239,2026-07-10 16:51:19.789,657,1783677079000.0,1783677079788.401,788.40087890625,108.30078125,True,True,0,239,239,833,6664,57.22356079101562,28385.930157898,-7.051087,110.3992,-7.051089,110.3993,1,DELIVERY,-0.442,0,0,12.76
240,2026-07-10 16:51:20.193,659,1783677080000.0,1783677080192.895,192.89501953125,595.505859375,True,True,0,240,240,839,6712,57.62805493164063,28303.158972392634,-7.051068,110.3992,-7.051089,110.3993,1,DELIVERY,-0.421,0,0,12.76
241,2026-07-10 16:51:20.346,660,1783677080000.0,1783677080345.75,345.75,152.85498046875,True,True,0,241,241,836,6688,57.78090991210937,28344.03270026683,-7.051068,110.3992,-7.051089,110.3993,1,DELIVERY,-0.421,0,0,12.76
242,2026-07-10 16:51:20.613,661,1783677080000.0,1783677080613.238,613.238037109375,267.488037109375,True,True,0,242,242,837,6696,58.04839794921875,28328.77492051668,-7.051068,110.3992,-7.05109,110.3993,1,DELIVERY,-0.409,0,0,12.76
243,2026-07-10 16:51:20.963,662,1783677080000.0,1783677080963.137,963.136962890625,349.89892578125,True,True,0,243,243,840,6720,58.398296875,28274.11223197594,-7.051068,110.3992,-7.05109,110.3993,1,DELIVERY,-0.361,0,0,12.76
244,2026-07-10 16:51:21.186,664,1783677081000.0,1783677081186.127,186.126953125,777.010009765625,True,True,0,244,244,840,6720,58.621286865234374,28281.1942325888,-7.051068,110.3992,-7.051091,110.3993,1,DELIVERY,-0.343,0,0,12.76
245,2026-07-10 16:51:21.375,665,1783677081000.0,1783677081375.298,375.298095703125,189.171142578125,True,True,0,245,245,836,6688,58.8104580078125,28303.945529192708,-7.051068,110.3992,-7.051091,110.3993,1,DELIVERY,-0.343,0,0,12.76
246,2026-07-10 16:51:21.638,666,1783677081000.0,1783677081638.615,638.614990234375,263.31689453125,True,True,0,246,246,837,6696,59.07377490234375,28291.132617863102,-7.051068,110.3992,-7.051092,110.3993,1,DELIVERY,-0.358,0,0,12.77
247,2026-07-10 16:51:22.141,668,1783677082000.0,1783677082140.461,140.4609375,498.154052734375,True,True,0,247,247,838,6704,59.57562084960937,28165.346429805642,-7.051068,110.3992,-7.051094,110.3993,1,DELIVERY,-0.54,0,0,12.77
248,2026-07-10 16:51:22.245,669,1783677082000.0,1783677082244.756,244.756103515625,104.295166015625,True,True,0,248,248,838,6704,59.679916015625,28228.457954916197,-7.051068,110.3992,-7.051094,110.3993,1,DELIVERY,-0.54,0,0,12.77
249,2026-07-10 16:51:22.447,670,1783677082000.0,1783677082447.327,447.326904296875,202.57080078125,True,True,0,249,249,841,6728,59.88248681640625,28245.319957831147,-7.051068,110.3992,-7.051094,110.3993,1,DELIVERY,-0.54,0,0,12.77
250,2026-07-10 16:51:22.642,671,1783677082000.0,1783677082641.242,641.241943359375,193.9150390625,True,True,0,250,250,831,6648,60.07640185546875,28264.808602971065,-7.051068,110.3992,-7.051094,110.3993,1,DELIVERY,-0.557,0,0,12.77
251,2026-07-10 16:51:23.028,673,1783677083000.0,1783677083027.296,27.2958984375,613.946044921875,True,True,0,251,251,835,6680,60.46245581054688,28194.819035164506,-7.051084,110.3993,-7.051095,110.3993,1,DELIVERY,-0.581,0,0,12.77
252,2026-07-10 16:51:23.292,674,1783677083000.0,1783677083291.609,291.60888671875,264.31298828125,True,True,0,252,252,833,6664,60.726768798828125,28181.838649597732,-7.051084,110.3993,-7.051096,110.3993,1,DELIVERY,-0.588,0,0,12.77
253,2026-07-10 16:51:23.430,675,1783677083000.0,1783677083430.302,430.302001953125,138.693115234375,True,True,0,253,253,831,6648,60.8654619140625,28226.8456686609,-7.051084,110.3993,-7.051096,110.3993,1,DELIVERY,-0.588,0,0,12.77
254,2026-07-10 16:51:23.675,676,1783677083000.0,1783677083675.113,675.113037109375,244.81103515625,True,True,0,254,254,831,6648,61.11027294921875,28222.554355683806,-7.051084,110.3993,-7.051097,110.3993,1,DELIVERY,-0.591,0,0,12.77
255,2026-07-10 16:51:24.084,678,1783677084000.0,1783677084083.64,83.639892578125,591.47314453125,True,True,0,255,255,838,6704,61.5187998046875,28144.112133151117,-7.051091,110.3993,-7.051098,110.3993,1,DELIVERY,-0.599,0,0,12.77
256,2026-07-10 16:51:24.248,679,1783677084000.0,1783677084247.485,247.485107421875,163.84521484375,True,True,0,256,256,836,6688,61.68264501953125,28177.779980894993,-7.051091,110.3993,-7.051099,110.3993,1,DELIVERY,-0.601,0,0,12.77
257,2026-07-10 16:51:24.702,680,1783677084000.0,1783677084702.035,702.034912109375,454.5498046875,True,True,0,257,257,835,6680,62.13719482421875,28079.156211280362,-7.051091,110.3993,-7.051099,110.3993,1,DELIVERY,-0.601,0,0,12.77
258,2026-07-10 16:51:24.808,681,1783677084000.0,1783677084807.624,807.6240234375,105.589111328125,True,True,0,258,258,833,6664,62.242783935546875,28138.587146320766,-7.051091,110.3993,-7.0511,110.3993,1,DELIVERY,-0.561,0,0,12.77
259,2026-07-10 16:51:25.077,683,1783677085000.0,1783677085076.908,76.907958984375,730.716064453125,True,True,0,259,259,836,6688,62.51206787109375,28124.36158127749,-7.051091,110.3993,-7.0511,110.3993,1,DELIVERY,-0.361,0,0,12.77
260,2026-07-10 16:51:25.416,684,1783677085000.0,1783677085416.148,416.14794921875,339.239990234375,True,True,0,260,260,834,6672,62.851307861328124,28078.715623447777,-7.051091,110.3993,-7.051101,110.3993,1,DELIVERY,-0.235,0,0,12.77
261,2026-07-10 16:51:25.522,685,1783677085000.0,1783677085522.163,522.1630859375,106.01513671875,True,True,0,261,261,834,6672,62.95732299804688,28137.40984595161,-7.051091,110.3993,-7.051101,110.3993,1,DELIVERY,-0.235,0,0,12.77
262,2026-07-10 16:51:25.723,686,1783677085000.0,1783677085722.84,722.840087890625,200.677001953125,True,True,0,262,262,839,6712,63.158,28154.279742867093,-7.051091,110.3993,-7.051101,110.3993,1,DELIVERY,-0.196,0,0,12.75
263,2026-07-10 16:51:26.137,688,1783677086000.0,1783677086136.184,136.18408203125,586.656005859375,True,True,0,263,263,832,6656,63.571343994140626,28075.920499093227,-7.051091,110.3993,-7.051101,110.3993,1,DELIVERY,-0.067,0,0,12.75
264,2026-07-10 16:51:26.336,689,1783677086000.0,1783677086335.432,335.431884765625,199.247802734375,True,True,0,264,264,835,6680,63.770591796875,28092.94926580547,-7.051091,110.3993,-7.051101,110.3993,1,DELIVERY,-0.016,0,0,12.75
265,2026-07-10 16:51:26.646,690,1783677086000.0,1783677086646.286,646.285888671875,310.85400390625,True,True,0,265,265,833,6664,64.08144580078125,28060.665260116173,-7.051091,110.3993,-7.051101,110.3993,1,DELIVERY,-0.016,0,0,12.75
266,2026-07-10 16:51:26.765,691,1783677086000.0,1783677086765.068,765.068115234375,118.7822265625,True,True,0,266,266,839,6712,64.20022802734375,28113.295785044204,-7.051091,110.3993,-7.051101,110.3993,1,DELIVERY,-0.011,0,0,12.75
267,2026-07-10 16:51:27.156,693,1783677087000.0,1783677087156.133,156.133056640625,608.93505859375,True,True,0,267,267,840,6720,64.59129296875,28047.12395022767,-7.051098,110.3993,-7.051101,110.3993,1,DELIVERY,-0.004,0,0,12.75
268,2026-07-10 16:51:27.356,694,1783677087000.0,1783677087355.783,355.782958984375,199.64990234375,True,True,0,268,268,831,6648,64.79094287109375,28063.305138459484,-7.051098,110.3993,-7.051101,110.3993,1,DELIVERY,-0.001,0,0,12.75
269,2026-07-10 16:51:27.565,695,1783677087000.0,1783677087565.523,565.52294921875,209.739990234375,True,True,0,269,269,835,6680,65.00068286132813,28075.52043558196,-7.051098,110.3993,-7.051101,110.3993,1,DELIVERY,-0.001,0,0,12.75
270,2026-07-10 16:51:27.844,696,1783677087000.0,1783677087843.772,843.77197265625,278.2490234375,True,True,0,270,270,834,6672,65.27893188476563,28058.057126811644,-7.051098,110.3993,-7.051101,110.3993,1,DELIVERY,-0.001,0,0,12.75
271,2026-07-10 16:51:28.294,698,1783677088000.0,1783677088294.202,294.201904296875,549.570068359375,True,True,0,271,271,841,6728,65.72936181640625,27968.14010053491,-7.051098,110.3993,-7.051101,110.3993,1,DELIVERY,0.0,66,66,12.75
272,2026-07-10 16:51:28.390,699,1783677088000.0,1783677088390.112,390.112060546875,95.91015625,True,True,0,272,272,849,6792,65.82527197265625,28030.571613383698,-7.051097,110.3993,-7.051101,110.3993,1,DELIVERY,0.004,74,72,12.75
273,2026-07-10 16:51:28.575,700,1783677088000.0,1783677088574.732,574.73193359375,184.619873046875,True,True,0,273,273,849,6792,66.00989184570312,28055.06793328505,-7.051097,110.3993,-7.051101,110.3993,1,DELIVERY,0.004,74,72,12.75
274,2026-07-10 16:51:29.113,701,1783677088000.0,1783677089113.302,1113.302001953125,538.570068359375,True,True,0,274,274,844,6752,66.5484619140625,27929.48096081003,-7.051097,110.3993,-7.051101,110.3993,1,DELIVERY,0.003,6,6,12.75
275,2026-07-10 16:51:29.203,702,1783677089000.0,1783677089202.27,202.27001953125,911.031982421875,True,True,0,275,275,848,6784,66.63742993164063,27993.99679599967,-7.051097,110.3993,-7.051101,110.3993,1,DELIVERY,0.001,66,66,12.75
276,2026-07-10 16:51:29.541,703,1783677089000.0,1783677089541.125,541.125,338.85498046875,True,True,0,276,276,848,6784,66.97628491210938,27953.655573116128,-7.051097,110.3993,-7.051101,110.3993,1,DELIVERY,0.001,75,71,12.75
277,2026-07-10 16:51:29.599,704,1783677089000.0,1783677089598.486,598.486083984375,57.361083984375,True,True,0,277,277,839,6712,67.03364599609375,28029.86428799489,-7.051096,110.3993,-7.051101,110.3993,1,DELIVERY,0.0,75,72,12.75
278,2026-07-10 16:51:29.740,705,1783677089000.0,1783677089739.99,739.989990234375,141.50390625,True,True,0,278,278,839,6712,67.17514990234375,28070.73750845786,-7.051096,110.3993,-7.051101,110.3993,1,DELIVERY,0.0,75,72,12.75
279,2026-07-10 16:51:30.008,707,1783677090000.0,1783677090008.446,8.446044921875,731.5439453125,True,True,0,279,279,847,6776,67.44360595703125,28059.47240136716,-7.051096,110.3993,-7.051101,110.3993,1,DELIVERY,0.002,60,60,12.75
280,2026-07-10 16:51:30.213,708,1783677090000.0,1783677090213.378,213.3779296875,204.931884765625,True,True,0,280,280,845,6760,67.64853784179688,28074.398362333526,-7.051096,110.3993,-7.051101,110.3993,1,DELIVERY,0.002,73,73,12.75
281,2026-07-10 16:51:31.662,709,1783677090000.0,1783677091661.906,1661.906005859375,1448.528076171875,True,True,0,281,281,844,6752,69.09706591796875,27583.57355235192,-7.051095,110.3993,-7.051101,110.3993,1,DELIVERY,0.001,73,73,12.75
282,2026-07-10 16:51:31.663,710,1783677090000.0,1783677091663.128,1663.1279296875,1.221923828125,True,True,0,282,282,844,6752,69.09828784179687,27680.801648503784,-7.051095,110.3993,-7.051101,110.3993,1,DELIVERY,0.001,73,73,12.75
283,2026-07-10 16:51:31.768,711,1783677091000.0,1783677091767.625,767.625,895.5029296875,True,True,0,283,283,845,6760,69.20278491210938,27736.687222021406,-7.051095,110.3993,-7.051101,110.3993,1,DELIVERY,0.001,73,73,12.75
284,2026-07-10 16:51:31.770,712,1783677091000.0,1783677091769.024,769.02392578125,1.39892578125,True,True,0,284,284,842,6736,69.20418383789062,27833.461695207116,-7.051095,110.3993,-7.051101,110.3993,1,DELIVERY,0.0,54,54,12.77
285,2026-07-10 16:51:31.787,713,1783677091000.0,1783677091786.618,786.617919921875,17.593994140625,True,True,0,285,285,825,6600,69.22177783203125,27921.733022950935,-7.051095,110.3993,-7.051101,110.3993,1,DELIVERY,0.0,73,73,12.77
286,2026-07-10 16:51:31.797,714,1783677091000.0,1783677091797.548,797.548095703125,10.93017578125,True,True,0,286,286,839,6712,69.2327080078125,28014.27325045755,-7.051095,110.3993,-7.051101,110.3993,1,DELIVERY,0.0,73,73,12.77
287,2026-07-10 16:51:32.239,715,1783677092000.0,1783677092239.102,239.10205078125,558.446044921875,True,True,0,287,287,838,6704,69.67426196289063,27932.954654569206,-7.051095,110.3993,-7.051101,110.3993,1,DELIVERY,0.0,30,30,12.77
288,2026-07-10 16:51:32.281,716,1783677092000.0,1783677092281.363,281.363037109375,42.260986328125,True,True,0,288,288,836,6688,69.71652294921876,28011.95351383892,-7.051096,110.3993,-7.0511,110.3993,1,DELIVERY,0.0,73,73,12.77
289,2026-07-10 16:51:32.406,717,1783677092000.0,1783677092405.625,405.625,124.261962890625,True,True,0,289,289,837,6696,69.84078491210937,28057.98936060118,-7.051096,110.3993,-7.0511,110.3993,1,DELIVERY,0.0,73,73,12.77
290,2026-07-10 16:51:32.597,718,1783677092000.0,1783677092596.784,596.783935546875,191.158935546875,True,True,0,290,290,839,6712,70.03194384765625,28077.244354053524,-7.051096,110.3993,-7.0511,110.3993,1,DELIVERY,0.0,73,73,12.77
291,2026-07-10 16:51:33.014,720,1783677093000.0,1783677093013.945,13.945068359375,582.8388671875,True,True,0,291,291,842,6736,70.44910498046875,28006.601369130298,-7.051096,110.3993,-7.0511,110.3993,1,DELIVERY,0.0,24,24,12.77
292,2026-07-10 16:51:33.309,721,1783677093000.0,1783677093309.521,309.52099609375,295.575927734375,True,True,0,292,292,839,6712,70.74468090820312,27984.464338299673,-7.051096,110.3993,-7.0511,110.3993,1,DELIVERY,0.0,73,73,12.77
293,2026-07-10 16:51:33.504,722,1783677093000.0,1783677093504.354,504.35400390625,194.8330078125,True,True,0,293,293,837,6696,70.93951391601563,28001.99621260064,-7.051096,110.3993,-7.0511,110.3993,1,DELIVERY,0.0,73,73,12.77
294,2026-07-10 16:51:33.638,723,1783677093000.0,1783677093637.084,637.083984375,132.72998046875,True,True,0,294,294,839,6712,71.07224389648438,28044.140591691554,-7.051095,110.3993,-7.0511,110.3993,1,DELIVERY,0.0,73,73,12.77
295,2026-07-10 16:51:34.225,725,1783677094000.0,1783677094224.69,224.68994140625,412.39404296875,True,True,0,295,295,836,6688,71.65984985351562,27907.510329536195,-7.051095,110.3993,-7.0511,110.3993,1,DELIVERY,0.0,21,21,12.77
296,2026-07-10 16:51:34.533,726,1783677094000.0,1783677094532.74,532.739990234375,308.050048828125,True,True,0,296,296,843,6744,71.96789990234375,27881.76399092969,-7.051095,110.3993,-7.0511,110.3993,1,DELIVERY,0.0,73,73,12.77
297,2026-07-10 16:51:34.664,727,1783677094000.0,1783677094663.213,663.212890625,130.472900390625,True,True,0,297,297,838,6704,72.09837280273437,27924.291793776025,-7.051095,110.3993,-7.0511,110.3993,1,DELIVERY,0.0,73,73,12.77
298,2026-07-10 16:51:34.667,728,1783677094000.0,1783677094667.321,667.321044921875,4.108154296875,True,True,0,298,298,838,6704,72.10248095703125,28015.67953263354,-7.051095,110.3993,-7.0511,110.3993,1,DELIVERY,0.0,71,75,12.77
299,2026-07-10 16:51:35.124,730,1783677095000.0,1783677095122.856,122.85595703125,544.465087890625,True,True,0,299,299,843,6744,72.55801586914062,27932.737351242635,-7.051095,110.3993,-7.0511,110.3993,1,DELIVERY,0.0,18,18,12.77
300,2026-07-10 16:51:35.347,731,1783677095000.0,1783677095347.165,347.1650390625,224.30908203125,True,True,0,300,300,843,6744,72.78232495117187,27939.310833560543,-7.051091,110.3993,-7.0511,110.3993,1,DELIVERY,0.0,73,73,12.77
301,2026-07-10 16:51:35.554,732,1783677095000.0,1783677095553.826,553.825927734375,206.660888671875,True,True,0,301,301,844,6752,72.98898583984375,27952.710625090767,-7.051091,110.3993,-7.0511,110.3993,1,DELIVERY,0.0,73,73,12.77
302,2026-07-10 16:51:35.860,733,1783677095000.0,1783677095859.669,859.6689453125,305.843017578125,True,True,0,302,302,840,6720,73.29482885742188,27927.754684875337,-7.051091,110.3993,-7.0511,110.3993,1,DELIVERY,0.0,71,75,12.77
303,2026-07-10 16:51:36.106,735,1783677096000.0,1783677096106.271,106.27099609375,753.39794921875,True,True,0,303,303,843,6744,73.54143090820313,27925.809637339014,-7.051091,110.3993,-7.0511,110.3993,1,DELIVERY,0.0,12,12,12.77
304,2026-07-10 16:51:36.371,736,1783677096000.0,1783677096370.792,370.7919921875,264.52099609375,True,True,0,304,304,831,6648,73.80595190429688,27915.797396280846,-7.051091,110.3993,-7.0511,110.3993,1,DELIVERY,0.0,72,72,12.77
305,2026-07-10 16:51:36.579,737,1783677096000.0,1783677096579.268,579.26806640625,208.47607421875,True,True,0,305,305,841,6728,74.01442797851563,27928.0683031154,-7.051091,110.3993,-7.0511,110.3993,1,DELIVERY,0.0,71,75,12.77
306,2026-07-10 16:51:36.782,738,1783677096000.0,1783677096781.692,781.69189453125,202.423828125,True,True,0,306,306,845,6760,74.21685180664062,27942.979923252973,-7.051088,110.3993,-7.051099,110.3993,1,DELIVERY,0.0,73,73,12.77
307,2026-07-10 16:51:37.091,739,1783677097000.0,1783677097091.48,91.47998046875,690.2119140625,True,True,0,307,307,846,6768,74.52663989257813,27917.641302478754,-7.051088,110.3993,-7.051099,110.3993,1,DELIVERY,0.0,73,73,12.77
308,2026-07-10 16:51:37.355,740,1783677097000.0,1783677097355.429,355.428955078125,263.948974609375,True,True,0,308,308,830,6640,74.7905888671875,27907.896322443958,-7.051088,110.3993,-7.051099,110.3993,1,DELIVERY,0.0,9,9,12.77
309,2026-07-10 16:51:37.400,741,1783677097000.0,1783677097399.74,399.739990234375,44.31103515625,True,True,0,309,309,841,6728,74.83489990234375,27981.276152337297,-7.051088,110.3993,-7.051099,110.3993,1,DELIVERY,0.0,72,72,12.77
310,2026-07-10 16:51:37.607,742,1783677097000.0,1783677097607.053,607.052978515625,207.31298828125,True,True,0,310,310,841,6728,75.042212890625,27993.630772346805,-7.051088,110.3993,-7.051099,110.3993,1,DELIVERY,0.0,72,75,12.77
311,2026-07-10 16:51:37.762,743,1783677097000.0,1783677097762.066,762.06591796875,155.012939453125,True,True,0,311,311,842,6736,75.19722583007812,28025.501961497168,-7.051088,110.3993,-7.051099,110.3993,1,DELIVERY,0.0,71,75,12.77
312,2026-07-10 16:51:38.010,744,1783677098000.0,1783677098010.308,10.30810546875,751.7578125,True,True,0,312,312,841,6728,75.44546801757812,28022.46517322177,-7.051088,110.3993,-7.051099,110.3993,1,DELIVERY,0.0,71,75,12.77
313,2026-07-10 16:51:38.317,745,1783677098000.0,1783677098317.205,317.205078125,306.89697265625,True,True,0,313,313,842,6736,75.75236499023437,27997.858552316047,-7.051088,110.3993,-7.051099,110.3993,1,DELIVERY,0.0,9,9,12.77
314,2026-07-10 16:51:38.588,746,1783677098000.0,1783677098587.358,587.35791015625,270.15283203125,True,True,0,314,314,846,6768,76.02251782226563,27987.391906360186,-7.051084,110.3993,-7.051099,110.3993,1,DELIVERY,0.0,72,72,12.77
315,2026-07-10 16:51:38.628,747,1783677098000.0,1783677098628.208,628.2080078125,40.85009765625,True,True,0,315,315,833,6664,76.06336791992187,28059.972341048455,-7.051084,110.3993,-7.051099,110.3993,1,DELIVERY,0.0,73,73,12.77
316,2026-07-10 16:51:39.239,749,1783677099000.0,1783677099239.34,239.340087890625,388.867919921875,True,True,0,316,316,845,6760,76.6745,27924.485976432843,-7.051084,110.3993,-7.051099,110.3993,1,DELIVERY,0.0,73,73,12.77
317,2026-07-10 16:51:39.252,750,1783677099000.0,1783677099251.213,251.212890625,11.872802734375,True,True,0,317,317,833,6664,76.68637280273437,28007.06203075781,-7.051084,110.3993,-7.051099,110.3993,1,DELIVERY,0.0,3,3,12.77
318,2026-07-10 16:51:39.549,751,1783677099000.0,1783677099547.124,547.1240234375,295.9111328125,True,True,0,318,318,839,6712,76.98228393554687,27986.594965197753,-7.051084,110.3993,-7.051099,110.3993,1,DELIVERY,0.0,66,66,12.77
319,2026-07-10 16:51:39.652,752,1783677099000.0,1783677099652.098,652.097900390625,104.973876953125,True,True,0,319,319,838,6704,77.0872578125,28035.450492436077,-7.051084,110.3993,-7.051099,110.3993,1,DELIVERY,0.0,73,73,12.77
320,2026-07-10 16:51:40.094,754,1783677100000.0,1783677100094.239,94.239013671875,557.85888671875,True,True,0,320,320,838,6704,77.52939892578125,27962.038014448008,-7.051084,110.3993,-7.051098,110.3993,1,DELIVERY,0.0,73,73,12.77
321,2026-07-10 16:51:40.236,755,1783677100000.0,1783677100234.553,234.552978515625,140.31396484375,True,True,0,321,321,838,6704,77.669712890625,27997.837497639055,-7.051084,110.3993,-7.051098,110.3993,1,DELIVERY,0.0,73,73,12.77
322,2026-07-10 16:51:40.468,756,1783677100000.0,1783677100467.642,467.64208984375,233.089111328125,True,True,0,322,322,835,6680,77.90280200195312,27999.814434727432,-7.051084,110.3993,-7.051098,110.3993,1,DELIVERY,0.0,60,60,12.77
323,2026-07-10 16:51:40.672,757,1783677100000.0,1783677100672.445,672.445068359375,204.802978515625,True,True,0,323,323,825,6600,78.10760498046875,28010.896001062738,-7.051084,110.3993,-7.051098,110.3993,1,DELIVERY,0.0,73,73,12.77
324,2026-07-10 16:51:41.057,759,1783677101000.0,1783677101057.458,57.4580078125,614.987060546875,True,True,0,324,324,839,6712,78.49261791992187,27959.011409695944,-7.051085,110.3993,-7.051098,110.3993,1,DELIVERY,0.0,73,73,12.77
325,2026-07-10 16:51:41.287,760,1783677101000.0,1783677101286.967,286.967041015625,229.509033203125,True,True,0,325,325,836,6688,78.722126953125,27962.455858322275,-7.051085,110.3993,-7.051098,110.3993,1,DELIVERY,0.0,73,73,12.77
326,2026-07-10 16:51:41.491,761,1783677101000.0,1783677101491.021,491.02099609375,204.053955078125,True,True,0,326,326,839,6712,78.92618090820312,27975.20384988647,-7.051085,110.3993,-7.051098,110.3993,1,DELIVERY,0.0,54,54,12.77
327,2026-07-10 16:51:41.661,762,1783677101000.0,1783677101661.535,661.534912109375,170.513916015625,True,True,0,327,327,821,6568,79.09669482421874,27997.933477770617,-7.051084,110.3993,-7.051097,110.3993,1,DELIVERY,0.0,0,0,12.77
328,2026-07-10 16:51:42.003,763,1783677102000.0,1783677102003.026,3.02587890625,658.509033203125,True,True,0,328,328,821,6568,79.43818579101563,27960.255862882575,-7.051084,110.3993,-7.051097,110.3993,1,DELIVERY,0.0,0,0,12.77
329,2026-07-10 16:51:42.312,764,1783677102000.0,1783677102312.049,312.049072265625,309.023193359375,True,True,0,329,329,821,6568,79.747208984375,27934.269153375295,-7.051084,110.3993,-7.051097,110.3993,1,DELIVERY,0.0,0,0,12.77
330,2026-07-10 16:51:42.516,765,1783677102000.0,1783677102515.802,515.802001953125,203.7529296875,True,True,0,330,330,828,6624,79.9509619140625,27945.93018657616,-7.051084,110.3993,-7.051097,110.3993,1,DELIVERY,0.0,0,0,12.77
331,2026-07-10 16:51:42.521,766,1783677102000.0,1783677102521.491,521.490966796875,5.68896484375,True,True,0,331,331,828,6624,79.95665087890625,28026.786707135456,-7.051084,110.3993,-7.051097,110.3993,1,DELIVERY,0.0,0,0,12.77
332,2026-07-10 16:51:44.258,767,1783677102000.0,1783677104256.19,2256.18994140625,1734.698974609375,True,True,0,332,332,840,6720,81.69134985351562,27513.9045202504,-7.051084,110.3993,-7.051097,110.3993,1,DELIVERY,0.0,54,54,12.77
333,2026-07-10 16:51:44.259,768,1783677103000.0,1783677104259.341,1259.341064453125,996.848876953125,True,True,0,333,333,841,6728,81.6945009765625,27595.198857347357,-7.051082,110.3993,-7.051097,110.3993,1,DELIVERY,0.0,73,73,12.77
334,2026-07-10 16:51:44.463,769,1783677103000.0,1783677104462.468,1462.468017578125,203.126953125,True,True,0,334,334,841,6728,81.8976279296875,27608.90708508983,-7.051082,110.3993,-7.051097,110.3993,1,DELIVERY,0.0,73,73,12.77
335,2026-07-10 16:51:44.464,770,1783677103000.0,1783677104464.132,1464.132080078125,1.6640625,True,True,0,335,335,841,6728,81.8992919921875,27690.495788612337,-7.051082,110.3993,-7.051097,110.3993,1,DELIVERY,0.0,73,73,12.77
336,2026-07-10 16:51:44.465,771,1783677103000.0,1783677104465.318,1465.318115234375,1.18603515625,True,True,0,336,336,845,6760,81.90047802734375,27772.633991716044,-7.051082,110.3993,-7.051097,110.3993,1,DELIVERY,-0.002,6,6,12.77
337,2026-07-10 16:51:44.769,772,1783677104000.0,1783677104768.429,768.428955078125,696.88916015625,True,True,0,337,337,845,6760,82.2035888671875,27752.462288305607,-7.051082,110.3993,-7.051096,110.3993,1,DELIVERY,0.002,73,73,12.77
338,2026-07-10 16:51:44.770,773,1783677104000.0,1783677104769.765,769.764892578125,1.3359375,True,True,0,338,338,843,6744,82.2049248046875,27834.05015497962,-7.051082,110.3993,-7.051096,110.3993,1,DELIVERY,0.001,54,54,12.77
339,2026-07-10 16:51:45.034,774,1783677105000.0,1783677105033.962,33.9619140625,735.802978515625,True,True,0,339,339,840,6720,82.46912182617187,27826.366392466323,-7.051082,110.3993,-7.051096,110.3993,1,DELIVERY,0.0,73,73,12.77
340,2026-07-10 16:51:45.080,775,1783677105000.0,1783677105079.463,79.462890625,45.5009765625,True,True,0,340,340,837,6696,82.51462280273438,27892.171373093064,-7.051081,110.3993,-7.051096,110.3993,1,DELIVERY,0.0,73,73,12.77
341,2026-07-10 16:51:45.208,776,1783677105000.0,1783677105207.989,207.989013671875,128.526123046875,True,True,0,341,341,839,6712,82.64314892578125,27930.010291269642,-7.051081,110.3993,-7.051096,110.3993,1,DELIVERY,0.0,73,73,12.77
342,2026-07-10 16:51:45.442,777,1783677105000.0,1783677105441.807,441.806884765625,233.81787109375,True,True,0,342,342,839,6712,82.876966796875,27932.199855645395,-7.051081,110.3993,-7.051096,110.3993,1,DELIVERY,0.0,73,73,12.77
343,2026-07-10 16:51:45.618,778,1783677105000.0,1783677105618.169,618.1689453125,176.362060546875,True,True,0,343,343,834,6672,83.05332885742187,27953.220321674497,-7.051081,110.3993,-7.051096,110.3993,1,DELIVERY,0.0,0,0,12.77
344,2026-07-10 16:51:46.100,780,1783677106000.0,1783677106099.775,99.77490234375,518.39404296875,True,True,0,344,344,840,6720,83.53493481445312,27872.506337278606,-7.051081,110.3993,-7.051096,110.3993,1,DELIVERY,0.001,73,73,12.77
345,2026-07-10 16:51:46.304,781,1783677106000.0,1783677106303.777,303.777099609375,204.002197265625,True,True,0,345,345,842,6736,83.73893701171875,27885.044679671802,-7.051081,110.3993,-7.051096,110.3993,1,DELIVERY,0.001,73,73,12.77
346,2026-07-10 16:51:46.450,782,1783677106000.0,1783677106449.545,449.544921875,145.767822265625,True,True,0,346,346,845,6760,83.88470483398437,27917.175182706877,-7.051081,110.3993,-7.051096,110.3993,1,DELIVERY,0.001,73,73,12.77
347,2026-07-10 16:51:46.648,783,1783677106000.0,1783677106648.029,648.029052734375,198.484130859375,True,True,0,347,347,844,6752,84.08318896484376,27931.576203442633,-7.051081,110.3993,-7.051096,110.3993,1,DELIVERY,0.001,48,48,12.77
348,2026-07-10 16:51:47.021,784,1783677107000.0,1783677107020.985,20.985107421875,627.0439453125,True,True,0,348,348,832,6656,84.45614501953125,27887.041250288315,-7.051081,110.3993,-7.051096,110.3993,1,DELIVERY,0.0,61,61,12.77
349,2026-07-10 16:51:47.127,785,1783677107000.0,1783677107126.942,126.94189453125,105.956787109375,True,True,0,349,349,832,6656,84.56210180664063,27930.810014640883,-7.05108,110.3993,-7.051096,110.3993,1,DELIVERY,0.0,73,18,12.77
350,2026-07-10 16:51:47.271,786,1783677107000.0,1783677107271.378,271.3779296875,144.43603515625,True,True,0,350,350,834,6672,84.70653784179687,27961.950285628107,-7.05108,110.3993,-7.051096,110.3993,1,DELIVERY,0.0,73,73,12.77
351,2026-07-10 16:51:47.636,787,1783677107000.0,1783677107635.871,635.87109375,364.4931640625,True,True,0,351,351,834,6672,85.07103100585938,27920.573806568802,-7.05108,110.3993,-7.051096,110.3993,1,DELIVERY,0.0,73,73,12.77
352,2026-07-10 16:51:47.742,788,1783677107000.0,1783677107741.933,741.93310546875,106.06201171875,True,True,0,352,352,835,6680,85.17709301757813,27964.23211471236,-7.05108,110.3993,-7.051096,110.3993,1,DELIVERY,0.0,42,42,12.77
353,2026-07-10 16:51:48.153,790,1783677108000.0,1783677108152.904,152.904052734375,589.029052734375,True,True,0,353,353,836,6688,85.58806396484376,27908.09710313279,-7.051081,110.3993,-7.051095,110.3993,1,DELIVERY,0.0,73,73,12.77
354,2026-07-10 16:51:48.353,791,1783677108000.0,1783677108352.529,352.529052734375,199.625,True,True,0,354,354,835,6680,85.78768896484375,27921.022572150163,-7.051081,110.3993,-7.051095,110.3993,1,DELIVERY,0.0,73,73,12.77
355,2026-07-10 16:51:48.495,792,1783677108000.0,1783677108494.419,494.4189453125,141.889892578125,True,True,0,355,355,834,6672,85.92957885742187,27952.563388974875,-7.051081,110.3993,-7.051095,110.3993,1,DELIVERY,0.0,73,73,12.77
356,2026-07-10 16:51:48.702,793,1783677108000.0,1783677108701.756,701.756103515625,207.337158203125,True,True,0,356,356,833,6664,86.136916015625,27962.644954261927,-7.051081,110.3993,-7.051095,110.3993,1,DELIVERY,0.0,36,36,12.77
357,2026-07-10 16:51:49.174,795,1783677109000.0,1783677109174.06,174.06005859375,527.696044921875,True,True,0,357,357,841,6728,86.60921997070312,27887.839202535557,-7.051081,110.3993,-7.051095,110.3993,1,DELIVERY,0.0,73,73,12.77
358,2026-07-10 16:51:49.486,796,1783677109000.0,1783677109485.496,485.49609375,311.43603515625,True,True,0,358,358,839,6712,86.92065600585937,27865.137141127052,-7.051081,110.3993,-7.051095,110.3993,1,DELIVERY,0.0,73,73,12.77
359,2026-07-10 16:51:49.592,797,1783677109000.0,1783677109591.805,591.804931640625,106.308837890625,True,True,0,359,359,839,6712,87.02696484375,27908.223667924765,-7.051081,110.3993,-7.051095,110.3993,1,DELIVERY,0.0,73,73,12.77
360,2026-07-10 16:51:49.729,798,1783677109000.0,1783677109729.467,729.467041015625,137.662109375,True,True,0,360,360,843,6744,87.164626953125,27941.51808060578,-7.051081,110.3993,-7.051095,110.3993,1,DELIVERY,0.0,30,30,12.77
361,2026-07-10 16:51:50.196,799,1783677110000.0,1783677110195.735,195.735107421875,533.73193359375,True,True,0,361,361,834,6672,87.63089501953125,27868.98387213418,-7.051081,110.3993,-7.051095,110.3993,1,DELIVERY,0.0,73,73,12.77
362,2026-07-10 16:51:50.309,800,1783677110000.0,1783677110308.697,308.697021484375,112.9619140625,True,True,0,362,362,838,6704,87.74385693359375,27909.509401363175,-7.051081,110.3993,-7.051095,110.3993,1,DELIVERY,0.0,73,73,12.77
363,2026-07-10 16:51:50.350,801,1783677110000.0,1783677110349.501,349.5009765625,40.803955078125,True,True,0,363,363,838,6704,87.78466088867188,27972.90523357117,-7.051081,110.3993,-7.051095,110.3993,1,DELIVERY,0.0,73,73,12.77
364,2026-07-10 16:51:50.708,802,1783677110000.0,1783677110708.425,708.425048828125,358.924072265625,True,True,0,364,364,838,6704,88.1435849609375,27935.056205068275,-7.051081,110.3993,-7.051095,110.3993,1,DELIVERY,0.0,73,73,12.77
365,2026-07-10 16:51:51.015,803,1783677110000.0,1783677111014.734,1014.73388671875,306.308837890625,True,True,0,365,365,838,6704,88.44989379882813,27914.10926524721,-7.051081,110.3993,-7.051095,110.3993,1,DELIVERY,0.0,27,27,12.77
366,2026-07-10 16:51:51.221,804,1783677111000.0,1783677111220.944,220.944091796875,793.789794921875,True,True,0,366,366,846,6768,88.65610400390625,27925.522194060275,-7.051081,110.3993,-7.051095,110.3993,1,DELIVERY,0.002,73,73,12.77
367,2026-07-10 16:51:51.459,805,1783677111000.0,1783677111459.244,459.243896484375,238.2998046875,True,True,0,367,367,846,6768,88.89440380859375,27926.797341994257,-7.051081,110.3993,-7.051095,110.3993,1,DELIVERY,0.002,73,73,12.77
368,2026-07-10 16:51:51.571,806,1783677111000.0,1783677111571.255,571.2548828125,112.010986328125,True,True,0,368,368,843,6744,89.00641479492188,27967.422412592467,-7.051081,110.3993,-7.051095,110.3993,1,DELIVERY,0.0,73,73,12.77
369,2026-07-10 16:51:51.586,807,1783677111000.0,1783677111585.907,585.906982421875,14.652099609375,True,True,0,369,369,843,6744,89.02106689453124,28038.576564771953,-7.051081,110.3993,-7.051095,110.3993,1,DELIVERY,0.0,73,73,12.77
370,2026-07-10 16:51:51.835,808,1783677111000.0,1783677111835.51,835.510009765625,249.60302734375,True,True,0,370,370,841,6728,89.270669921875,28035.546301940794,-7.051081,110.3993,-7.051095,110.3993,1,DELIVERY,0.0,21,21,12.77
371,2026-07-10 16:51:52.141,809,1783677112000.0,1783677112140.745,140.7451171875,694.764892578125,True,True,0,371,371,839,6712,89.57590502929688,28014.944411437984,-7.051081,110.3993,-7.051095,110.3993,1,DELIVERY,0.0,73,73,12.77
372,2026-07-10 16:51:52.347,810,1783677112000.0,1783677112346.473,346.472900390625,205.727783203125,True,True,0,372,372,837,6696,89.7816328125,28025.331252938442,-7.051081,110.3993,-7.051095,110.3993,1,DELIVERY,0.0,73,73,12.77
373,2026-07-10 16:51:52.454,811,1783677112000.0,1783677112452.826,452.825927734375,106.35302734375,True,True,0,373,373,836,6688,89.88798583984375,28066.576155071907,-7.051083,110.3993,-7.051095,110.3993,1,DELIVERY,0.0,73,73,12.77
374,2026-07-10 16:51:52.756,812,1783677112000.0,1783677112755.481,755.48095703125,302.655029296875,True,True,0,374,374,836,6688,90.19064086914062,28046.546466724343,-7.051083,110.3993,-7.051095,110.3993,1,DELIVERY,0.0,73,73,12.77
375,2026-07-10 16:51:53.073,814,1783677113000.0,1783677113072.706,72.7060546875,682.77490234375,True,True,0,375,375,839,6712,90.50786596679687,28022.404162423092,-7.051084,110.3993,-7.051095,110.3993,1,DELIVERY,0.0,73,73,12.77
376,2026-07-10 16:51:53.268,815,1783677113000.0,1783677113267.723,267.722900390625,195.016845703125,True,True,0,376,376,839,6712,90.7028828125,28036.15410170346,-7.051084,110.3993,-7.051095,110.3993,1,DELIVERY,0.0,73,73,12.77
377,2026-07-10 16:51:53.422,816,1783677113000.0,1783677113420.971,420.970947265625,153.248046875,True,True,0,377,377,838,6704,90.856130859375,28062.652194008904,-7.051084,110.3993,-7.051095,110.3993,1,DELIVERY,0.0,73,73,12.77
378,2026-07-10 16:51:53.679,817,1783677113000.0,1783677113678.818,678.818115234375,257.84716796875,True,True,0,378,378,836,6688,91.11397802734375,28056.639116698716,-7.051084,110.3993,-7.051095,110.3993,1,DELIVERY,0.0,73,73,12.77
379,2026-07-10 16:51:54.087,819,1783677114000.0,1783677114086.936,86.93603515625,591.882080078125,True,True,0,379,379,837,6696,91.52209594726563,28004.69081779781,-7.051084,110.3993,-7.051094,110.3993,1,DELIVERY,0.0,72,72,12.77
380,2026-07-10 16:51:54.395,820,1783677114000.0,1783677114394.465,394.465087890625,307.529052734375,True,True,0,380,380,837,6696,91.829625,27983.823303209614,-7.051084,110.3993,-7.051094,110.3993,1,DELIVERY,0.0,72,75,12.77
381,2026-07-10 16:51:54.511,821,1783677114000.0,1783677114511.088,511.087890625,116.622802734375,True,True,0,381,381,844,6752,91.94624780273438,28021.7633842735,-7.051084,110.3993,-7.051094,110.3993,1,DELIVERY,0.0,73,73,12.77
382,2026-07-10 16:51:54.671,822,1783677114000.0,1783677114670.681,670.680908203125,159.593017578125,True,True,0,382,382,843,6744,92.1058408203125,28046.42981371391,-7.051084,110.3993,-7.051094,110.3993,1,DELIVERY,0.0,73,73,12.77
383,2026-07-10 16:51:55.378,824,1783677115000.0,1783677115377.807,377.806884765625,292.8740234375,True,True,0,383,383,839,6712,92.812966796875,27905.06638655584,-7.051084,110.3993,-7.051094,110.3993,1,DELIVERY,0.0,69,69,12.77
384,2026-07-10 16:51:55.423,825,1783677115000.0,1783677115422.986,422.986083984375,45.17919921875,True,True,0,384,384,839,6712,92.85814599609375,27963.771752552904,-7.051084,110.3993,-7.051094,110.3993,1,DELIVERY,0.0,72,75,12.77
385,2026-07-10 16:51:55.474,826,1783677115000.0,1783677115474.104,474.10400390625,51.117919921875,True,True,0,385,385,839,6712,92.90926391601562,28020.62884012616,-7.051084,110.3993,-7.051094,110.3993,1,DELIVERY,0.0,72,75,12.77
386,2026-07-10 16:51:55.727,827,1783677115000.0,1783677115727.272,727.27197265625,253.16796875,True,True,0,386,386,836,6688,93.16243188476562,28016.271657962272,-7.051084,110.3993,-7.051094,110.3993,1,DELIVERY,0.0,72,75,12.77
387,2026-07-10 16:51:56.032,828,1783677116000.0,1783677116032.369,32.368896484375,694.903076171875,True,True,0,387,387,839,6712,93.46752880859376,27996.631914370286,-7.051084,110.3993,-7.051094,110.3993,1,DELIVERY,0.0,3,3,12.77
388,2026-07-10 16:51:56.139,829,1783677116000.0,1783677116139.21,139.2099609375,106.841064453125,True,True,0,388,388,831,6648,93.57436987304688,28035.711098661108,-7.051084,110.3993,-7.051094,110.3993,1,DELIVERY,0.0,66,66,12.77
389,2026-07-10 16:51:56.340,830,1783677116000.0,1783677116339.725,339.72509765625,200.51513671875,True,True,0,389,389,839,6712,93.77488500976563,28047.339111384677,-7.051084,110.3993,-7.051094,110.3993,1,DELIVERY,0.0,73,73,12.77
390,2026-07-10 16:51:56.647,831,1783677116000.0,1783677116646.653,646.653076171875,306.927978515625,True,True,0,390,390,843,6744,94.08181298828126,28027.521114292806,-7.051084,110.3993,-7.051094,110.3993,1,DELIVERY,0.0,73,73,12.77
391,2026-07-10 16:51:56.851,832,1783677116000.0,1783677116851.611,851.611083984375,204.9580078125,True,True,0,391,391,843,6744,94.28677099609375,28038.12212542016,-7.051084,110.3993,-7.051094,110.3993,1,DELIVERY,0.0,73,73,12.77
392,2026-07-10 16:51:57.146,834,1783677117000.0,1783677117146.472,146.471923828125,705.13916015625,True,True,0,392,392,839,6712,94.5816318359375,28021.67766144389,-7.051084,110.3993,-7.051094,110.3993,1,DELIVERY,0.0,60,60,12.77
393,2026-07-10 16:51:57.335,835,1783677117000.0,1783677117335.116,335.115966796875,188.64404296875,True,True,0,393,393,839,6712,94.77027587890625,28036.72328014611,-7.051086,110.3993,-7.051094,110.3993,1,DELIVERY,0.0,73,73,12.77
394,2026-07-10 16:51:57.568,836,1783677117000.0,1783677117567.823,567.822998046875,232.70703125,True,True,0,394,394,838,6704,95.00298291015625,28038.61435086827,-7.051086,110.3993,-7.051094,110.3993,1,DELIVERY,0.0,73,73,12.77
395,2026-07-10 16:51:57.802,837,1783677117000.0,1783677117801.496,801.49609375,233.673095703125,True,True,0,395,395,839,6712,95.23665600585937,28040.29574322414,-7.051086,110.3993,-7.051094,110.3993,1,DELIVERY,0.0,73,73,12.77
396,2026-07-10 16:51:58.167,839,1783677118000.0,1783677118166.981,166.98095703125,634.51513671875,True,True,0,396,396,841,6728,95.60214086914063,28003.473307825992,-7.051086,110.3993,-7.051094,110.3993,1,DELIVERY,0.0,57,57,12.77
397,2026-07-10 16:51:58.390,840,1783677118000.0,1783677118388.977,388.97705078125,221.99609375,True,True,0,397,397,836,6688,95.82413696289062,28008.39209268719,-7.051086,110.3993,-7.051094,110.3993,1,DELIVERY,0.0,73,73,12.77
398,2026-07-10 16:51:58.593,841,1783677118000.0,1783677118593.423,593.423095703125,204.446044921875,True,True,0,398,398,834,6672,96.0285830078125,28018.241191595083,-7.051086,110.3993,-7.051094,110.3993,1,DELIVERY,0.0,73,73,12.77
399,2026-07-10 16:51:58.798,842,1783677118000.0,1783677118797.555,797.554931640625,204.1318359375,True,True,0,399,399,834,6672,96.23271484375,28028.13995614066,-7.051086,110.3993,-7.051094,110.3993,1,DELIVERY,0.0,73,73,12.77
400,2026-07-10 16:51:59.002,843,1783677119000.0,1783677119002.291,2.291015625,795.263916015625,True,True,0,400,400,838,6704,96.43745092773437,28038.15295808881,-7.051086,110.3993,-7.051094,110.3993,1,DELIVERY,0.0,73,73,12.77
401,2026-07-10 16:51:59.312,844,1783677119000.0,1783677119311.806,311.805908203125,309.514892578125,True,True,0,401,401,827,6616,96.7469658203125,28016.837293215744,-7.051086,110.3993,-7.051094,110.3993,1,DELIVERY,0.0,54,54,12.77
402,2026-07-10 16:51:59.421,845,1783677119000.0,1783677119420.987,420.987060546875,109.18115234375,True,True,0,402,402,838,6704,96.85614697265625,28054.471346739763,-7.051087,110.3993,-7.051094,110.3993,1,DELIVERY,0.0,73,73,12.77
403,2026-07-10 16:51:59.618,846,1783677119000.0,1783677119618.325,618.324951171875,197.337890625,True,True,0,403,403,838,6704,97.05348486328126,28066.503782293003,-7.051087,110.3993,-7.051093,110.3993,1,DELIVERY,0.0,73,73,12.77
404,2026-07-10 16:52:00.017,848,1783677120000.0,1783677120016.49,16.489990234375,601.8349609375,True,True,0,404,404,835,6680,97.45164990234375,28020.377312609537,-7.051087,110.3993,-7.051093,110.3993,1,DELIVERY,0.0,73,73,12.77
405,2026-07-10 16:52:00.234,849,1783677120000.0,1783677120233.794,233.7939453125,217.303955078125,True,True,0,405,405,838,6704,97.66895385742187,28026.67471995237,-7.051087,110.3993,-7.051093,110.3993,1,DELIVERY,0.0,54,54,12.77
406,2026-07-10 16:52:00.539,850,1783677120000.0,1783677120538.588,538.587890625,304.7939453125,True,True,0,406,406,835,6680,97.97374780273438,28007.665946646746,-7.051087,110.3993,-7.051093,110.3993,1,DELIVERY,0.0,74,72,12.77
407,2026-07-10 16:52:00.824,851,1783677120000.0,1783677120823.746,823.74609375,285.158203125,True,True,0,407,407,837,6696,98.25890600585937,27994.53109966408,-7.051087,110.3993,-7.051093,110.3993,1,DELIVERY,0.0,73,73,12.77
408,2026-07-10 16:52:01.052,852,1783677121000.0,1783677121051.777,51.777099609375,771.968994140625,True,True,0,408,408,844,6752,98.48693701171875,27998.271483170352,-7.051087,110.3993,-7.051093,110.3993,1,DELIVERY,0.0,73,73,12.77
409,2026-07-10 16:52:01.073,853,1783677121000.0,1783677121072.572,72.572021484375,20.794921875,True,True,0,409,409,844,6752,98.50773193359375,28060.903908166514,-7.051087,110.3993,-7.051093,110.3993,1,DELIVERY,0.0,73,73,12.77
410,2026-07-10 16:52:01.369,854,1783677121000.0,1783677121368.448,368.447998046875,295.8759765625,True,True,0,410,410,840,6720,98.80360791015624,28044.886807369,-7.051087,110.3993,-7.051093,110.3993,1,DELIVERY,0.0,45,45,12.78
411,2026-07-10 16:52:01.470,855,1783677121000.0,1783677121470.346,470.345947265625,101.89794921875,True,True,0,411,411,825,6600,98.905505859375,28082.7237661484,-7.051087,110.3993,-7.051093,110.3993,1,DELIVERY,0.0,73,73,12.78
412,2026-07-10 16:52:01.668,856,1783677121000.0,1783677121667.577,667.576904296875,197.23095703125,True,True,0,412,412,836,6688,99.10273681640625,28094.319989950847,-7.051087,110.3993,-7.051093,110.3993,1,DELIVERY,0.0,73,73,12.78
413,2026-07-10 16:52:02.086,858,1783677122000.0,1783677122086.347,86.346923828125,581.22998046875,True,True,0,413,413,834,6672,99.5215068359375,28043.14452956212,-7.051087,110.3993,-7.051093,110.3993,1,DELIVERY,0.0,73,73,12.78
414,2026-07-10 16:52:02.284,859,1783677122000.0,1783677122284.423,284.423095703125,198.076171875,True,True,0,414,414,846,6768,99.7195830078125,28055.311861671322,-7.051087,110.3993,-7.051093,110.3993,1,DELIVERY,0.0,45,45,12.77
415,2026-07-10 16:52:02.586,860,1783677122000.0,1783677122585.841,585.841064453125,301.41796875,True,True,0,415,415,824,6592,100.0210009765625,28036.672025079108,-7.051088,110.3993,-7.051093,110.3993,1,DELIVERY,0.0,73,73,12.77
416,2026-07-10 16:52:02.902,861,1783677122000.0,1783677122902.511,902.510986328125,316.669921875,True,True,0,416,416,842,6736,100.3376708984375,28015.32041585165,-7.051088,110.3993,-7.051093,110.3993,1,DELIVERY,0.0,73,73,12.77
417,2026-07-10 16:52:03.112,863,1783677123000.0,1783677123112.273,112.27294921875,790.238037109375,True,True,0,417,417,843,6744,100.54743286132812,28023.947701241996,-7.051088,110.3993,-7.051093,110.3993,1,DELIVERY,0.0,73,73,12.77
418,2026-07-10 16:52:03.508,864,1783677123000.0,1783677123507.901,507.90087890625,395.6279296875,True,True,0,418,418,838,6704,100.94306079101563,27980.526624286664,-7.051088,110.3993,-7.051093,110.3993,1,DELIVERY,0.0,42,42,12.77
419,2026-07-10 16:52:03.618,865,1783677123000.0,1783677123617.406,617.406005859375,109.505126953125,True,True,0,419,419,839,6712,101.05256591796875,28016.626537699587,-7.051092,110.3993,-7.051093,110.3993,1,DELIVERY,0.0,72,74,12.77
420,2026-07-10 16:52:03.729,866,1783677123000.0,1783677123729.294,729.2939453125,111.887939453125,True,True,0,420,420,840,6720,101.16445385742188,28052.066628062967,-7.051093,110.3993,-7.051093,110.3993,1,DELIVERY,0.0,73,73,12.77
421,2026-07-10 16:52:04.141,868,1783677124000.0,1783677124140.51,140.510009765625,588.783935546875,True,True,0,421,421,835,6680,101.575669921875,28004.265216147065,-7.051093,110.3993,-7.051093,110.3993,1,DELIVERY,0.0,73,73,12.77
422,2026-07-10 16:52:04.429,869,1783677124000.0,1783677124429.066,429.06591796875,288.555908203125,True,True,0,422,422,834,6672,101.86422583007813,27990.435079300434,-7.051093,110.3993,-7.051093,110.3993,1,DELIVERY,0.0,36,36,12.77
423,2026-07-10 16:52:04.564,870,1783677124000.0,1783677124563.598,563.597900390625,134.531982421875,True,True,0,423,423,837,6696,101.9987578125,28019.164755453134,-7.051093,110.3993,-7.051093,110.3993,1,DELIVERY,0.0,73,73,12.77
424,2026-07-10 16:52:04.764,871,1783677124000.0,1783677124763.986,763.986083984375,200.38818359375,True,True,0,424,424,842,6736,102.19914599609375,28030.136378140505,-7.051093,110.3993,-7.051093,110.3993,1,DELIVERY,0.0,73,73,12.77
425,2026-07-10 16:52:05.043,872,1783677125000.0,1783677125042.779,42.779052734375,721.20703125,True,True,0,425,425,838,6704,102.47793896484374,28019.29887548825,-7.051093,110.3993,-7.051093,110.3993,1,DELIVERY,0.0,73,73,12.77
426,2026-07-10 16:52:05.212,873,1783677125000.0,1783677125212.009,212.009033203125,169.22998046875,True,True,0,426,426,842,6736,102.6471689453125,28038.727512625,-7.051093,110.3993,-7.051093,110.3993,1,DELIVERY,0.0,73,73,12.77
427,2026-07-10 16:52:05.384,874,1783677125000.0,1783677125383.872,383.8720703125,171.863037109375,True,True,0,427,427,825,6600,102.81903198242188,28056.05095069532,-7.051093,110.3993,-7.051093,110.3993,1,DELIVERY,0.0,27,27,12.77
428,2026-07-10 16:52:05.592,875,1783677125000.0,1783677125592.183,592.18310546875,208.31103515625,True,True,0,428,428,820,6560,103.02734301757812,28062.996825092396,-7.051093,110.3993,-7.051093,110.3993,1,DELIVERY,0.0,0,0,12.77
429,2026-07-10 16:52:06.001,877,1783677126000.0,1783677126000.544,0.5439453125,591.63916015625,True,True,0,429,429,819,6552,103.43570385742187,28015.548712216474,-7.051093,110.3993,-7.051093,110.3993,1,DELIVERY,0.0,0,0,12.77
430,2026-07-10 16:52:06.205,878,1783677126000.0,1783677126205.204,205.2041015625,204.66015625,True,True,0,430,430,818,6544,103.64036401367187,28023.36741712783,-7.051093,110.3993,-7.051093,110.3993,1,DELIVERY,0.0,0,0,12.77
431,2026-07-10 16:52:06.419,879,1783677126000.0,1783677126419.017,419.01708984375,213.81298828125,True,True,0,431,431,817,6536,103.85417700195312,28028.60784256426,-7.051093,110.3993,-7.051093,110.3993,1,DELIVERY,0.0,0,0,12.77
432,2026-07-10 16:52:06.766,880,1783677126000.0,1783677126765.727,765.72705078125,346.7099609375,True,True,0,432,432,821,6568,104.20088696289062,27998.37971666213,-7.051093,110.3993,-7.051093,110.3993,1,DELIVERY,0.0,0,0,12.77
433,2026-07-10 16:52:07.091,882,1783677127000.0,1783677127091.198,91.197998046875,674.529052734375,True,True,0,433,433,821,6568,104.52635791015625,27974.035051649767,-7.051093,110.3993,-7.051093,110.3993,1,DELIVERY,0.0,0,0,12.77
434,2026-07-10 16:52:07.399,883,1783677127000.0,1783677127398.545,398.544921875,307.346923828125,True,True,0,434,434,822,6576,104.83370483398437,27954.74990262841,-7.051093,110.3993,-7.051093,110.3993,1,DELIVERY,0.0,0,0,12.77
435,2026-07-10 16:52:07.504,884,1783677127000.0,1783677127504.565,504.56494140625,106.02001953125,True,True,0,435,435,824,6592,104.93972485351563,27989.324386927816,-7.051093,110.3993,-7.051093,110.3993,1,DELIVERY,0.0,0,0,12.78
436,2026-07-10 16:52:07.657,885,1783677127000.0,1783677127657.154,657.154052734375,152.589111328125,True,True,0,436,436,823,6584,105.09231396484375,28011.334882061627,-7.051093,110.3993,-7.051093,110.3993,1,DELIVERY,0.0,0,0,12.78
437,2026-07-10 16:52:08.107,886,1783677128000.0,1783677128107.287,107.287109375,549.866943359375,True,True,0,437,437,823,6584,105.54244702148438,27954.25047705612,-7.051093,110.3993,-7.051093,110.3993,1,DELIVERY,0.0,0,0,12.78
438,2026-07-10 16:52:08.128,887,1783677128000.0,1783677128127.663,127.6630859375,20.3759765625,True,True,0,438,438,824,6592,105.56282299804687,28011.300910877588,-7.051101,110.3993,-7.051093,110.3993,1,DELIVERY,0.0,0,0,12.78
439,2026-07-10 16:52:08.322,888,1783677128000.0,1783677128322.152,322.152099609375,194.489013671875,True,True,0,439,439,824,6592,105.75731201171875,28022.119167246005,-7.051101,110.3993,-7.051093,110.3993,1,DELIVERY,0.0,0,0,12.78
440,2026-07-10 16:52:08.527,889,1783677128000.0,1783677128526.421,526.4208984375,204.268798828125,True,True,0,440,440,817,6536,105.96158081054688,28029.781900954553,-7.051101,110.3993,-7.051093,110.3993,1,DELIVERY,0.0,0,0,12.77
441,2026-07-10 16:52:08.833,890,1783677128000.0,1783677128833.267,833.26708984375,306.84619140625,True,True,0,441,441,825,6600,106.26842700195313,28010.95380799502,-7.051101,110.3993,-7.051093,110.3993,1,DELIVERY,0.0,0,0,12.77
442,2026-07-10 16:52:09.038,891,1783677129000.0,1783677129036.756,36.756103515625,796.510986328125,True,True,0,442,442,826,6608,106.471916015625,28019.482617014197,-7.051101,110.3993,-7.051093,110.3993,1,DELIVERY,0.0,0,0,12.77
443,2026-07-10 16:52:09.143,892,1783677129000.0,1783677129142.84,142.840087890625,106.083984375,True,True,0,443,443,835,6680,106.578,28054.270112030626,-7.051101,110.3993,-7.051093,110.3993,1,DELIVERY,0.001,0,0,12.77
444,2026-07-10 16:52:09.344,893,1783677129000.0,1783677129344.158,344.157958984375,201.31787109375,True,True,0,444,444,833,6664,106.77931787109375,28063.786693389422,-7.051101,110.3993,-7.051093,110.3993,1,DELIVERY,0.001,0,0,12.77
445,2026-07-10 16:52:09.549,894,1783677129000.0,1783677129549.512,549.511962890625,205.35400390625,True,True,0,445,445,822,6576,106.984671875,28071.38581037967,-7.051101,110.3993,-7.051093,110.3993,1,DELIVERY,0.001,0,0,12.77
446,2026-07-10 16:52:09.860,895,1783677129000.0,1783677129860.295,860.294921875,310.782958984375,True,True,0,446,446,825,6600,107.29545483398438,28051.58899467831,-7.051101,110.3993,-7.051093,110.3993,1,DELIVERY,0.0,0,0,12.77
447,2026-07-10 16:52:10.168,896,1783677130000.0,1783677130168.388,168.387939453125,691.906982421875,True,True,0,447,447,824,6592,107.6035478515625,28032.53294362635,-7.051101,110.3993,-7.051093,110.3993,1,DELIVERY,0.0,0,0,12.77
448,2026-07-10 16:52:10.368,897,1783677130000.0,1783677130367.79,367.7900390625,199.402099609375,True,True,0,448,448,820,6560,107.80294995117187,28041.53319894507,-7.051101,110.3993,-7.051093,110.3993,1,DELIVERY,0.0,0,0,12.77
449,2026-07-10 16:52:10.474,898,1783677130000.0,1783677130473.75,473.75,105.9599609375,True,True,0,449,449,820,6560,107.90890991210938,28074.79013982729,-7.051101,110.3993,-7.051093,110.3993,1,DELIVERY,0.0,0,0,12.77
450,2026-07-10 16:52:10.518,899,1783677130000.0,1783677130518.126,518.1259765625,44.3759765625,True,True,0,450,450,817,6536,107.95328588867187,28123.79424125144,-7.051101,110.3993,-7.051093,110.3993,1,DELIVERY,0.0,0,0,12.77
451,2026-07-10 16:52:10.719,900,1783677130000.0,1783677130719.188,719.18798828125,201.06201171875,True,True,0,451,451,815,6520,108.15434790039062,28131.795522471188,-7.051108,110.3993,-7.051094,110.3993,1,DELIVERY,0.0,0,0,12.77
452,2026-07-10 16:52:11.261,902,1783677131000.0,1783677131261.162,261.162109375,458.02587890625,True,True,0,452,452,816,6528,108.69632202148438,28051.58392937462,-7.051108,110.3993,-7.051094,110.3993,1,DELIVERY,0.0,0,0,12.77
453,2026-07-10 16:52:11.340,903,1783677131000.0,1783677131339.71,339.7099609375,78.5478515625,True,True,0,453,453,815,6520,108.77486987304688,28091.267804468753,-7.051108,110.3993,-7.051094,110.3993,1,DELIVERY,0.0,0,0,12.77
454,2026-07-10 16:52:11.600,904,1783677131000.0,1783677131599.667,599.6669921875,259.95703125,True,True,0,454,454,814,6512,109.03482690429688,28084.017620239156,-7.051108,110.3993,-7.051094,110.3993,1,DELIVERY,0.0,0,0,12.77
455,2026-07-10 16:52:11.905,905,1783677131000.0,1783677131904.699,904.698974609375,305.031982421875,True,True,0,455,455,818,6544,109.33985888671874,28065.520033085988,-7.051108,110.3993,-7.051094,110.3993,1,DELIVERY,0.0,0,0,12.77
456,2026-07-10 16:52:12.012,906,1783677132000.0,1783677132011.707,11.70703125,892.991943359375,True,True,0,456,456,816,6528,109.44686694335938,28097.725278801016,-7.051108,110.3993,-7.051094,110.3993,1,DELIVERY,0.0,0,0,12.77
457,2026-07-10 16:52:12.162,907,1783677132000.0,1783677132162.327,162.326904296875,150.619873046875,True,True,0,457,457,817,6536,109.59748681640625,28118.74696691199,-7.051108,110.3993,-7.051094,110.3993,1,DELIVERY,0.0,0,0,12.77
458,2026-07-10 16:52:12.418,908,1783677132000.0,1783677132417.893,417.89306640625,255.566162109375,True,True,0,458,458,814,6512,109.85305297851562,28112.60967507186,-7.051108,110.3993,-7.051094,110.3993,1,DELIVERY,0.0,0,0,12.77
459,2026-07-10 16:52:12.622,909,1783677132000.0,1783677132621.441,621.44091796875,203.5478515625,True,True,0,459,459,815,6520,110.05660083007812,28119.858115354473,-7.051108,110.3993,-7.051094,110.3993,1,DELIVERY,0.0,0,0,12.77
460,2026-07-10 16:52:12.827,910,1783677132000.0,1783677132827.372,827.3720703125,205.93115234375,True,True,0,460,460,819,6552,110.26253198242188,28126.762049092213,-7.051108,110.3993,-7.051094,110.3993,1,DELIVERY,0.0,0,0,12.77
461,2026-07-10 16:52:13.035,911,1783677133000.0,1783677133034.602,34.60205078125,792.77001953125,True,True,0,461,461,818,6544,110.46976196289063,28133.23704856001,-7.051108,110.3993,-7.051094,110.3993,1,DELIVERY,0.0,0,0,12.77
462,2026-07-10 16:52:13.193,912,1783677133000.0,1783677133192.792,192.7919921875,158.18994140625,True,True,0,462,462,817,6536,110.62795190429688,28152.08947097062,-7.051108,110.3993,-7.051094,110.3993,1,DELIVERY,0.0,0,0,12.77
463,2026-07-10 16:52:13.440,913,1783677133000.0,1783677133439.912,439.912109375,247.1201171875,True,True,0,463,463,815,6520,110.87507202148437,28148.14857026884,-7.051108,110.3993,-7.051094,110.3993,1,DELIVERY,0.0,0,0,12.77
464,2026-07-10 16:52:13.646,914,1783677133000.0,1783677133645.016,645.01611328125,205.10400390625,True,True,0,464,464,816,6528,111.08017602539063,28154.942780115223,-7.051108,110.3993,-7.051094,110.3993,1,DELIVERY,0.0,0,0,12.77
465,2026-07-10 16:52:14.054,916,1783677134000.0,1783677134054.18,54.179931640625,590.836181640625,True,True,0,465,465,816,6528,111.48933984375,28110.167343283345,-7.051108,110.3993,-7.051094,110.3993,1,DELIVERY,0.0,0,0,12.77
466,2026-07-10 16:52:14.324,917,1783677134000.0,1783677134324.033,324.032958984375,269.85302734375,True,True,0,466,466,815,6520,111.75919287109375,28100.63243407947,-7.051108,110.3993,-7.051094,110.3993,1,DELIVERY,0.0,0,0,12.77
467,2026-07-10 16:52:14.450,918,1783677134000.0,1783677134450.006,450.006103515625,125.97314453125,True,True,0,467,467,816,6528,111.885166015625,28127.33905726618,-7.051108,110.3993,-7.051094,110.3993,1,DELIVERY,0.0,0,0,12.77
468,2026-07-10 16:52:14.669,919,1783677134000.0,1783677134669.185,669.18505859375,219.178955078125,True,True,0,468,468,815,6520,112.10434497070312,28130.5064564994,-7.051108,110.3993,-7.051094,110.3993,1,DELIVERY,0.0,0,0,12.77
469,2026-07-10 16:52:15.079,921,1783677135000.0,1783677135078.923,78.923095703125,590.261962890625,True,True,0,469,469,813,6504,112.5140830078125,28085.870812994843,-7.051108,110.3993,-7.051094,110.3993,1,DELIVERY,0.0,0,0,12.77
470,2026-07-10 16:52:15.290,922,1783677135000.0,1783677135289.436,289.43603515625,210.512939453125,True,True,0,470,470,817,6536,112.72459594726563,28091.402531896256,-7.051108,110.3993,-7.051094,110.3993,1,DELIVERY,0.0,0,0,12.77
471,2026-07-10 16:52:15.526,923,1783677135000.0,1783677135525.821,525.821044921875,236.385009765625,True,True,0,471,471,817,6536,112.96098095703125,28090.478438807226,-7.051108,110.3993,-7.051094,110.3993,1,DELIVERY,0.0,0,0,12.77
472,2026-07-10 16:52:15.633,924,1783677135000.0,1783677135633.43,633.429931640625,107.60888671875,True,True,0,472,472,815,6520,113.06858984375,28121.408468912276,-7.051108,110.3993,-7.051094,110.3993,1,DELIVERY,0.0,0,0,12.77
473,2026-07-10 16:52:16.206,926,1783677136000.0,1783677136205.697,205.697021484375,427.73291015625,True,True,0,473,473,820,6560,113.64085693359375,28037.521767913688,-7.051124,110.3993,-7.051094,110.3993,1,DELIVERY,0.0,0,0,12.77
474,2026-07-10 16:52:16.467,927,1783677136000.0,1783677136466.759,466.759033203125,261.06201171875,True,True,0,474,474,826,6608,113.9019189453125,28031.274886009254,-7.051125,110.3993,-7.051095,110.3993,1,DELIVERY,0.0,0,0,12.77
475,2026-07-10 16:52:16.521,928,1783677136000.0,1783677136521.14,521.139892578125,54.380859375,True,True,0,475,475,823,6584,113.9562998046875,28075.67467076002,-7.051125,110.3993,-7.051095,110.3993,1,DELIVERY,0.0,0,0,12.77
476,2026-07-10 16:52:16.671,929,1783677136000.0,1783677136671.004,671.00390625,149.864013671875,True,True,0,476,476,824,6592,114.10616381835938,28096.57158489246,-7.051125,110.3993,-7.051095,110.3993,1,DELIVERY,0.0,0,0,12.77
477,2026-07-10 16:52:17.082,931,1783677137000.0,1783677137081.884,81.884033203125,589.119873046875,True,True,0,477,477,820,6560,114.5170439453125,28053.04685941903,-7.051125,110.3993,-7.051095,110.3993,1,DELIVERY,0.0,0,0,12.77
478,2026-07-10 16:52:17.332,932,1783677137000.0,1783677137332.306,332.305908203125,250.421875,True,True,0,478,478,819,6552,114.7674658203125,28048.92464071692,-7.051125,110.3993,-7.051095,110.3993,1,DELIVERY,0.0,0,0,12.77
479,2026-07-10 16:52:17.536,933,1783677137000.0,1783677137535.797,535.797119140625,203.4912109375,True,True,0,479,479,820,6560,114.97095703125,28056.33773339157,-7.051125,110.3993,-7.051095,110.3993,1,DELIVERY,0.0,0,0,12.77
480,2026-07-10 16:52:17.704,934,1783677137000.0,1783677137704.333,704.3330078125,168.535888671875,True,True,0,480,480,819,6552,115.13949291992188,28072.17504638454,-7.051125,110.3993,-7.051095,110.3993,1,DELIVERY,0.0,0,0,12.77
481,2026-07-10 16:52:18.375,936,1783677138000.0,1783677138375.244,375.243896484375,329.089111328125,True,True,0,481,481,819,6552,115.81040380859375,27966.123020802956,-7.051125,110.3993,-7.051095,110.3993,1,DELIVERY,0.0,0,0,12.78
482,2026-07-10 16:52:18.466,937,1783677138000.0,1783677138466.022,466.02197265625,90.778076171875,True,True,0,482,482,820,6560,115.90118188476562,28000.818863319764,-7.051128,110.3993,-7.051096,110.3993,1,DELIVERY,0.0,0,0,12.78
483,2026-07-10 16:52:18.525,938,1783677138000.0,1783677138524.718,524.718017578125,58.696044921875,True,True,0,483,483,824,6592,115.9598779296875,28043.49278439055,-7.051128,110.3993,-7.051096,110.3993,1,DELIVERY,0.0,0,0,12.78
484,2026-07-10 16:52:18.766,939,1783677138000.0,1783677138765.315,765.31494140625,240.596923828125,True,True,0,484,484,825,6600,116.20047485351563,28042.226196646337,-7.051128,110.3993,-7.051096,110.3993,1,DELIVERY,0.0,0,0,12.78
485,2026-07-10 16:52:19.176,941,1783677139000.0,1783677139175.906,175.906005859375,589.408935546875,True,True,0,485,485,820,6560,116.61106591796874,27999.744057711076,-7.051128,110.3993,-7.051096,110.3993,1,DELIVERY,0.0,0,0,12.77
486,2026-07-10 16:52:19.381,942,1783677139000.0,1783677139380.723,380.722900390625,204.81689453125,True,True,0,486,486,825,6600,116.8158828125,28007.15040823122,-7.051128,110.3993,-7.051096,110.3993,1,DELIVERY,0.0,0,0,12.77
487,2026-07-10 16:52:19.642,943,1783677139000.0,1783677139641.641,641.64111328125,260.918212890625,True,True,0,487,487,822,6576,117.07680102539062,28000.901726799315,-7.051128,110.3993,-7.051096,110.3993,1,DELIVERY,0.0,0,0,12.77
488,2026-07-10 16:52:19.766,944,1783677139000.0,1783677139765.659,765.658935546875,124.017822265625,True,True,0,488,488,821,6568,117.20081884765625,28027.312712463092,-7.051128,110.3993,-7.051096,110.3993,1,DELIVERY,0.0,0,0,12.77
489,2026-07-10 16:52:20.301,946,1783677140000.0,1783677140300.949,300.948974609375,464.7099609375,True,True,0,489,489,818,6544,117.73610888671875,27955.467792525997,-7.051128,110.3993,-7.051096,110.3993,1,DELIVERY,0.0,0,0,12.77
490,2026-07-10 16:52:20.596,947,1783677140000.0,1783677140596.676,596.676025390625,295.72705078125,True,True,0,490,490,818,6544,118.0318359375,27940.868442869127,-7.051128,110.3993,-7.051096,110.3993,1,DELIVERY,0.0,0,0,12.77
491,2026-07-10 16:52:20.601,948,1783677140000.0,1783677140601.249,601.2490234375,4.572998046875,True,True,0,491,491,818,6544,118.03640893554687,27995.226471218553,-7.051128,110.3993,-7.051096,110.3993,1,DELIVERY,0.0,0,0,12.77
492,2026-07-10 16:52:21.119,950,1783677141000.0,1783677141119.695,119.695068359375,481.553955078125,True,True,0,492,492,821,6568,118.55485498046875,27928.202523173535,-7.051128,110.3993,-7.051096,110.3993,1,DELIVERY,0.0,0,0,12.77
493,2026-07-10 16:52:21.325,951,1783677141000.0,1783677141325.628,325.6279296875,205.932861328125,True,True,0,493,493,823,6584,118.76078784179687,27935.213804908723,-7.051137,110.3993,-7.051097,110.3993,1,DELIVERY,0.0,0,0,12.77
494,2026-07-10 16:52:21.431,952,1783677141000.0,1783677141431.468,431.468017578125,105.840087890625,True,True,0,494,494,821,6568,118.8666279296875,27965.59520445327,-7.051137,110.3993,-7.051097,110.3993,1,DELIVERY,0.0,0,0,12.77
495,2026-07-10 16:52:21.649,953,1783677141000.0,1783677141648.777,648.777099609375,217.30908203125,True,True,0,495,495,825,6600,119.08393701171875,27969.985571372457,-7.051137,110.3993,-7.051097,110.3993,1,DELIVERY,0.0,0,0,12.77
496,2026-07-10 16:52:22.042,955,1783677142000.0,1783677142041.711,41.7109375,607.066162109375,True,True,0,496,496,821,6568,119.47687084960937,27932.971262704537,-7.051137,110.3993,-7.051097,110.3993,1,DELIVERY,0.0,0,0,12.77
497,2026-07-10 16:52:22.247,956,1783677142000.0,1783677142246.85,246.85009765625,205.13916015625,True,True,0,497,497,816,6528,119.68201000976562,27939.63770935291,-7.05114,110.3993,-7.051098,110.3993,1,DELIVERY,0.0,0,0,12.77
498,2026-07-10 16:52:22.569,957,1783677142000.0,1783677142568.573,568.572998046875,321.722900390625,True,True,0,498,498,816,6528,120.00373291015624,27919.131503253815,-7.05114,110.3993,-7.051098,110.3993,1,DELIVERY,0.0,0,0,12.77
499,2026-07-10 16:52:22.664,958,1783677142000.0,1783677142664.105,664.10498046875,95.531982421875,True,True,0,499,499,816,6528,120.09926489257812,27951.2784945235,-7.05114,110.3993,-7.051098,110.3993,1,DELIVERY,0.0,0,0,12.77
500,2026-07-10 16:52:23.271,960,1783677143000.0,1783677143271.008,271.008056640625,393.096923828125,True,True,0,500,500,818,6544,120.70616796875,27864.955508079587,-7.05114,110.3993,-7.051098,110.3993,1,DELIVERY,0.0,0,0,12.77
501,2026-07-10 16:52:23.582,961,1783677143000.0,1783677143581.506,581.506103515625,310.498046875,True,True,0,501,501,812,6496,121.016666015625,27847.139662275014,-7.051141,110.3993,-7.051099,110.3993,1,DELIVERY,0.0,0,0,12.77
502,2026-07-10 16:52:23.589,962,1783677143000.0,1783677143589.132,589.132080078125,7.6259765625,True,True,0,502,502,812,6496,121.0242919921875,27899.060134290736,-7.051141,110.3993,-7.051099,110.3993,1,DELIVERY,0.0,0,0,12.77
503,2026-07-10 16:52:23.699,963,1783677143000.0,1783677143699.041,699.041015625,109.908935546875,True,True,0,503,503,817,6536,121.13420092773437,27927.703110191094,-7.051141,110.3993,-7.051099,110.3993,1,DELIVERY,0.0,0,0,12.77
504,2026-07-10 16:52:24.192,965,1783677144000.0,1783677144192.308,192.30810546875,506.73291015625,True,True,0,504,504,814,6512,121.62746801757812,27867.981264808812,-7.051141,110.3993,-7.051099,110.3993,1,DELIVERY,0.0,0,0,12.77
505,2026-07-10 16:52:24.299,966,1783677144000.0,1783677144298.562,298.56201171875,106.25390625,True,True,0,505,505,814,6512,121.73372192382813,27897.150816804715,-7.051141,110.3993,-7.051099,110.3993,1,DELIVERY,0.0,0,0,12.77
506,2026-07-10 16:52:24.609,967,1783677144000.0,1783677144608.091,608.091064453125,309.529052734375,True,True,0,506,506,813,6504,122.0432509765625,27879.689968709783,-7.051141,110.3993,-7.051099,110.3993,1,DELIVERY,0.0,0,0,12.77
507,2026-07-10 16:52:24.812,968,1783677144000.0,1783677144810.401,810.40087890625,202.309814453125,True,True,0,507,507,813,6504,122.24556079101562,27886.754970414804,-7.051143,110.3993,-7.0511,110.3993,1,DELIVERY,0.0,0,0,12.77
508,2026-07-10 16:52:25.115,970,1783677145000.0,1783677145114.803,114.802978515625,695.597900390625,True,True,0,508,508,817,6536,122.549962890625,27870.820353069965,-7.051143,110.3993,-7.0511,110.3993,1,DELIVERY,0.0,0,0,12.77
509,2026-07-10 16:52:25.319,971,1783677145000.0,1783677145318.838,318.837890625,204.034912109375,True,True,0,509,509,817,6536,122.75399780273438,27877.73971727845,-7.051146,110.3993,-7.051102,110.3993,1,DELIVERY,0.0,0,0,12.77
510,2026-07-10 16:52:25.507,972,1783677145000.0,1783677145507.147,507.14697265625,188.30908203125,True,True,0,510,510,815,6520,122.94230688476563,27888.07276256549,-7.051146,110.3993,-7.051102,110.3993,1,DELIVERY,0.0,0,0,12.77
511,2026-07-10 16:52:25.717,973,1783677145000.0,1783677145717.353,717.35302734375,210.2060546875,True,True,0,511,511,815,6520,123.15251293945313,27893.413768088183,-7.051146,110.3993,-7.051102,110.3993,1,DELIVERY,0.0,0,0,12.77
512,2026-07-10 16:52:26.036,974,1783677146000.0,1783677146035.598,35.597900390625,681.755126953125,True,True,0,512,512,816,6528,123.4707578125,27874.38953947661,-7.051146,110.3993,-7.051102,110.3993,1,DELIVERY,0.0,0,0,12.77
513,2026-07-10 16:52:26.142,975,1783677146000.0,1783677146142.209,142.208984375,106.611083984375,True,True,0,513,513,816,6528,123.57736889648437,27903.167309610013,-7.051146,110.3993,-7.051102,110.3993,1,DELIVERY,0.0,0,0,12.77
514,2026-07-10 16:52:26.342,976,1783677146000.0,1783677146342.172,342.172119140625,199.963134765625,True,True,0,514,514,820,6560,123.77733203125,27911.087945632717,-7.051146,110.3993,-7.051102,110.3993,1,DELIVERY,0.0,0,0,12.77
515,2026-07-10 16:52:26.757,977,1783677146000.0,1783677146757.049,757.049072265625,414.876953125,True,True,0,515,515,817,6536,124.192208984375,27870.476161958566,-7.051146,110.3993,-7.051102,110.3993,1,DELIVERY,0.0,0,0,12.77
516,2026-07-10 16:52:26.861,978,1783677146000.0,1783677146860.963,860.962890625,103.913818359375,True,True,0,516,516,821,6568,124.29612280273437,27900.01748891005,-7.051153,110.3993,-7.051103,110.3993,1,DELIVERY,0.0,0,0,12.77
517,2026-07-10 16:52:27.163,980,1783677147000.0,1783677147161.953,161.952880859375,699.010009765625,True,True,0,517,517,822,6576,124.59711279296874,27885.397358870978,-7.051153,110.3993,-7.051103,110.3993,1,DELIVERY,0.0,0,0,12.77
518,2026-07-10 16:52:27.367,981,1783677147000.0,1783677147366.248,366.248046875,204.295166015625,True,True,0,518,518,819,6552,124.80140795898437,27892.249429942476,-7.051153,110.3993,-7.051103,110.3993,1,DELIVERY,0.0,0,0,12.77
519,2026-07-10 16:52:27.572,982,1783677147000.0,1783677147571.959,571.958984375,205.7109375,True,True,0,519,519,819,6552,125.00711889648437,27898.763132745727,-7.051153,110.3993,-7.051103,110.3993,1,DELIVERY,0.0,0,0,12.77
520,2026-07-10 16:52:27.768,983,1783677147000.0,1783677147768.241,768.240966796875,196.281982421875,True,True,0,520,520,823,6584,125.20340087890625,27907.612536654953,-7.051154,110.3993,-7.051105,110.3993,1,DELIVERY,0.0,0,0,12.77
521,2026-07-10 16:52:28.017,984,1783677148000.0,1783677148016.732,16.73193359375,751.509033203125,True,True,0,521,521,820,6560,125.45189184570313,27904.625019968582,-7.051154,110.3993,-7.051105,110.3993,1,DELIVERY,0.0,0,0,12.77
522,2026-07-10 16:52:28.186,985,1783677148000.0,1783677148186.125,186.125,169.39306640625,True,True,0,522,522,822,6576,125.62128491210937,27919.345057279494,-7.051154,110.3993,-7.051105,110.3993,1,DELIVERY,0.0,0,0,12.77
523,2026-07-10 16:52:28.393,986,1783677148000.0,1783677148393.468,393.468017578125,207.343017578125,True,True,0,523,523,824,6592,125.8286279296875,27925.72769659006,-7.051154,110.3993,-7.051105,110.3993,1,DELIVERY,0.0,0,0,12.77
524,2026-07-10 16:52:28.804,987,1783677148000.0,1783677148804.199,804.198974609375,410.73095703125,True,True,0,524,524,819,6552,126.23935888671875,27886.770267575965,-7.051157,110.3993,-7.051106,110.3993,1,DELIVERY,0.0,0,0,12.77
525,2026-07-10 16:52:29.006,988,1783677149000.0,1783677149005.937,5.93701171875,798.261962890625,True,True,0,525,525,819,6552,126.44109692382813,27894.095241239054,-7.051158,110.3993,-7.051108,110.3993,1,DELIVERY,0.0,0,0,12.77
526,2026-07-10 16:52:29.021,989,1783677149000.0,1783677149021.209,21.208984375,15.27197265625,True,True,0,526,526,819,6552,126.45636889648438,27942.53884430676,-7.051158,110.3993,-7.051108,110.3993,1,DELIVERY,0.0,0,0,12.77
527,2026-07-10 16:52:29.225,990,1783677149000.0,1783677149224.757,224.757080078125,203.548095703125,True,True,0,527,527,818,6544,126.6599169921875,27949.29985796812,-7.051158,110.3993,-7.051108,110.3993,1,DELIVERY,0.0,0,0,12.77
528,2026-07-10 16:52:29.423,991,1783677149000.0,1783677149422.482,422.48193359375,197.724853515625,True,True,0,528,528,821,6568,126.85764184570313,27957.511651633544,-7.051158,110.3993,-7.051108,110.3993,1,DELIVERY,0.0,0,0,12.77
529,2026-07-10 16:52:29.723,992,1783677149000.0,1783677149722.712,722.7119140625,300.22998046875,True,True,0,529,529,820,6560,127.15787182617187,27943.091127360916,-7.051158,110.3993,-7.051108,110.3993,1,DELIVERY,0.0,0,0,12.77
530,2026-07-10 16:52:30.040,994,1783677150000.0,1783677150040.284,40.283935546875,682.427978515625,True,True,0,530,530,819,6552,127.47544384765625,27924.87629424676,-7.051161,110.3993,-7.051109,110.3993,1,DELIVERY,0.0,0,0,12.77
531,2026-07-10 16:52:30.440,995,1783677150000.0,1783677150439.522,439.52197265625,399.238037109375,True,True,0,531,531,818,6544,127.87468188476562,27888.86703322364,-7.051161,110.3993,-7.051109,110.3993,1,DELIVERY,0.0,0,0,12.77
532,2026-07-10 16:52:30.554,996,1783677150000.0,1783677150553.869,553.868896484375,114.346923828125,True,True,0,532,532,818,6544,127.98902880859374,27915.08016943484,-7.051161,110.3993,-7.051109,110.3993,1,DELIVERY,0.0,0,0,12.77
533,2026-07-10 16:52:30.651,997,1783677150000.0,1783677150651.311,651.31103515625,97.442138671875,True,True,0,533,533,812,6496,128.08647094726564,27944.559433397448,-7.051163,110.3993,-7.05111,110.3993,1,DELIVERY,0.0,0,0,12.77
534,2026-07-10 16:52:31.230,999,1783677151000.0,1783677151230.128,230.1279296875,421.18310546875,True,True,0,534,534,813,6504,128.66528784179687,27869.39710117484,-7.051163,110.3993,-7.05111,110.3993,1,DELIVERY,0.0,0,0,12.77
535,2026-07-10 16:52:31.360,1000,1783677151000.0,1783677151360.126,360.1259765625,129.998046875,True,True,0,535,535,816,6528,128.79528588867188,27891.952529265385,-7.051163,110.3993,-7.05111,110.3993,1,DELIVERY,0.0,0,0,12.77
536,2026-07-10 16:52:31.468,1001,1783677151000.0,1783677151468.215,468.215087890625,108.089111328125,True,True,0,536,536,818,6544,128.903375,27919.331049322795,-7.051163,110.3993,-7.05111,110.3993,1,DELIVERY,0.0,0,0,12.78
537,2026-07-10 16:52:31.672,1002,1783677151000.0,1783677151672.482,672.48193359375,204.266845703125,True,True,0,537,537,819,6552,129.1076418457031,27925.90700641005,-7.051163,110.3993,-7.05111,110.3993,1,DELIVERY,0.0,0,0,12.78
538,2026-07-10 16:52:32.298,1004,1783677152000.0,1783677152298.013,298.012939453125,374.468994140625,True,True,0,538,538,817,6536,129.7331728515625,27841.637729254824,-7.051163,110.3993,-7.05111,110.3993,1,DELIVERY,0.0,0,0,12.78
539,2026-07-10 16:52:32.390,1005,1783677152000.0,1783677152389.615,389.614990234375,91.60205078125,True,True,0,539,539,823,6584,129.82477490234376,27872.707676342547,-7.051163,110.3993,-7.05111,110.3993,1,DELIVERY,0.0,0,0,12.78
540,2026-07-10 16:52:32.694,1006,1783677152000.0,1783677152694.058,694.05810546875,304.443115234375,True,True,0,540,540,821,6568,130.12921801757813,27857.97113996573,-7.051163,110.3993,-7.05111,110.3993,1,DELIVERY,0.0,0,0,12.77
541,2026-07-10 16:52:32.971,1007,1783677152000.0,1783677152971.181,971.180908203125,277.122802734375,True,True,0,541,541,821,6568,130.4063408203125,27849.13660758369,-7.051163,110.3993,-7.05111,110.3993,1,DELIVERY,0.0,0,0,12.77
542,2026-07-10 16:52:33.007,1008,1783677153000.0,1783677153006.571,6.571044921875,964.60986328125,True,True,0,542,542,822,6576,130.44173095703124,27891.994174766696,-7.051161,110.3993,-7.051111,110.3993,1,DELIVERY,0.0,0,0,12.77
543,2026-07-10 16:52:33.203,1009,1783677153000.0,1783677153203.333,203.3330078125,196.761962890625,True,True,0,543,543,821,6568,130.63849291992187,27900.260624058184,-7.051161,110.3993,-7.051111,110.3993,1,DELIVERY,0.0,0,0,12.77
544,2026-07-10 16:52:33.734,1010,1783677153000.0,1783677153734.337,734.3369140625,531.00390625,True,True,0,544,544,821,6568,131.16949682617187,27837.386651249573,-7.051161,110.3993,-7.051111,110.3993,1,DELIVERY,0.0,0,0,12.77
545,2026-07-10 16:52:33.736,1011,1783677153000.0,1783677153735.577,735.576904296875,1.239990234375,True,True,0,545,545,823,6584,131.17073681640625,27887.31761962988,-7.051161,110.3993,-7.051111,110.3993,1,DELIVERY,0.0,0,0,12.77
546,2026-07-10 16:52:33.747,1012,1783677153000.0,1783677153747.022,747.02197265625,11.445068359375,True,True,0,546,546,823,6584,131.1821818847656,27935.074316869355,-7.051159,110.3993,-7.051112,110.3993,1,DELIVERY,0.0,0,0,12.77
547,2026-07-10 16:52:34.228,1014,1783677154000.0,1783677154227.979,227.97900390625,519.04296875,True,True,0,547,547,821,6568,131.6631389160156,27882.914156723313,-7.051159,110.3993,-7.051112,110.3993,1,DELIVERY,0.0,0,0,12.77
548,2026-07-10 16:52:34.433,1015,1783677154000.0,1783677154433.01,433.010009765625,205.031005859375,True,True,0,548,548,821,6568,131.868169921875,27889.36861851391,-7.051159,110.3993,-7.051112,110.3993,1,DELIVERY,0.0,0,0,12.77
549,2026-07-10 16:52:34.637,1016,1783677154000.0,1783677154636.694,636.694091796875,203.68408203125,True,True,0,549,549,824,6592,132.07185400390625,27896.26925272837,-7.051159,110.3993,-7.051112,110.3993,1,DELIVERY,0.0,0,0,12.77
550,2026-07-10 16:52:34.945,1017,1783677154000.0,1783677154945.341,945.341064453125,308.64697265625,True,True,0,550,550,822,6576,132.3805009765625,27880.90370388807,-7.051159,110.3993,-7.051112,110.3993,1,DELIVERY,0.0,0,0,12.77
551,2026-07-10 16:52:35.055,1018,1783677155000.0,1783677155055.38,55.3798828125,889.961181640625,True,True,0,551,551,822,6576,132.4905397949219,27907.381204146295,-7.051159,110.3993,-7.051112,110.3993,1,DELIVERY,0.0,0,0,12.77
552,2026-07-10 16:52:36.788,1019,1783677155000.0,1783677156788.272,1788.27197265625,1732.89208984375,True,True,0,552,552,825,6600,134.22343188476563,27596.254603145873,-7.051156,110.3993,-7.051113,110.3993,1,DELIVERY,0.0,0,0,12.77
553,2026-07-10 16:52:36.789,1020,1783677155000.0,1783677156789.613,1789.613037109375,1.341064453125,True,True,0,553,553,825,6600,134.22477294921876,27645.150134870073,-7.051156,110.3993,-7.051113,110.3993,1,DELIVERY,0.0,0,0,12.77
554,2026-07-10 16:52:36.898,1021,1783677155000.0,1783677156896.473,1896.472900390625,106.85986328125,True,True,0,554,554,825,6600,134.3316328125,27672.290749183063,-7.051156,110.3993,-7.051113,110.3993,1,DELIVERY,0.0,0,0,12.77
555,2026-07-10 16:52:36.899,1022,1783677156000.0,1783677156899.323,899.322998046875,997.14990234375,True,True,0,555,555,822,6576,134.33448291015625,27720.656076746338,-7.051155,110.3993,-7.051114,110.3993,1,DELIVERY,0.0,0,0,12.77
556,2026-07-10 16:52:36.910,1023,1783677156000.0,1783677156910.292,910.2919921875,10.968994140625,True,True,0,556,556,822,6576,134.34545190429688,27767.34118738475,-7.051155,110.3993,-7.051114,110.3993,1,DELIVERY,0.0,0,0,12.77
557,2026-07-10 16:52:37.115,1025,1783677157000.0,1783677157115.24,115.239990234375,795.052001953125,True,True,0,557,557,827,6616,134.55039990234374,27774.216967859822,-7.051156,110.3993,-7.051116,110.3993,1,DELIVERY,0.0,0,0,12.77
558,2026-07-10 16:52:37.402,1026,1783677157000.0,1783677157402.14,402.139892578125,286.89990234375,True,True,0,558,558,826,6608,134.8372998046875,27764.12762212445,-7.051156,110.3993,-7.051116,110.3993,1,DELIVERY,0.0,0,0,12.77
559,2026-07-10 16:52:37.709,1027,1783677157000.0,1783677157709.273,709.27294921875,307.133056640625,True,True,0,559,559,825,6600,135.1444328613281,27749.866721096285,-7.051156,110.3993,-7.051116,110.3993,1,DELIVERY,0.0,0,0,12.77
560,2026-07-10 16:52:37.816,1028,1783677157000.0,1783677157816.277,816.277099609375,107.004150390625,True,True,0,560,560,825,6600,135.25143701171876,27776.710421749467,-7.051156,110.3993,-7.051116,110.3993,1,DELIVERY,0.0,0,0,12.77
561,2026-07-10 16:52:38.222,1030,1783677158000.0,1783677158221.439,221.43896484375,594.838134765625,True,True,0,561,561,824,6592,135.65659887695313,27742.343764740916,-7.051154,110.3993,-7.051117,110.3993,1,DELIVERY,0.0,0,0,12.77
562,2026-07-10 16:52:38.426,1031,1783677158000.0,1783677158425.681,425.680908203125,204.241943359375,True,True,0,562,562,823,6584,135.8608408203125,27749.099573041556,-7.051154,110.3993,-7.051117,110.3993,1,DELIVERY,0.0,0,0,12.77
563,2026-07-10 16:52:38.551,1032,1783677158000.0,1783677158550.483,550.48291015625,124.802001953125,True,True,0,563,563,820,6560,135.98564282226562,27771.872983209094,-7.051154,110.3993,-7.051117,110.3993,1,DELIVERY,0.0,0,0,12.77
564,2026-07-10 16:52:38.758,1033,1783677158000.0,1783677158758.218,758.218017578125,207.735107421875,True,True,0,564,564,819,6552,136.1933779296875,27777.62074418269,-7.051154,110.3993,-7.051117,110.3993,1,DELIVERY,0.0,0,0,12.77
565,2026-07-10 16:52:39.172,1035,1783677159000.0,1783677159172.425,172.425048828125,585.79296875,True,True,0,565,565,819,6552,136.6075849609375,27741.35858622819,-7.051154,110.3993,-7.051118,110.3993,1,DELIVERY,0.0,0,0,12.77
566,2026-07-10 16:52:39.451,1036,1783677159000.0,1783677159450.767,450.76708984375,278.342041015625,True,True,0,566,566,816,6528,136.88592700195312,27732.639016615893,-7.051154,110.3993,-7.051118,110.3993,1,DELIVERY,0.0,0,0,12.77
567,2026-07-10 16:52:39.655,1037,1783677159000.0,1783677159654.708,654.7080078125,203.94091796875,True,True,0,567,567,818,6544,137.0898679199219,27739.1178334295,-7.051154,110.3993,-7.051118,110.3993,1,DELIVERY,0.0,0,0,12.77
568,2026-07-10 16:52:40.065,1039,1783677160000.0,1783677160065.015,65.014892578125,589.693115234375,True,True,0,568,568,818,6544,137.5001748046875,27703.935688888578,-7.051154,110.3993,-7.051118,110.3993,1,DELIVERY,0.0,0,0,12.77
569,2026-07-10 16:52:40.201,1040,1783677160000.0,1783677160200.787,200.787109375,135.772216796875,True,True,0,569,569,821,6568,137.63594702148438,27724.3269841734,-7.051154,110.3993,-7.051118,110.3993,1,DELIVERY,0.0,0,0,12.77
570,2026-07-10 16:52:40.475,1041,1783677160000.0,1783677160474.943,474.943115234375,274.156005859375,True,True,0,570,570,818,6544,137.91010302734375,27716.664088359954,-7.051154,110.3993,-7.051118,110.3993,1,DELIVERY,0.0,0,0,12.77
571,2026-07-10 16:52:40.679,1042,1783677160000.0,1783677160679.216,679.216064453125,204.27294921875,True,True,0,571,571,819,6552,138.1143759765625,27723.109726461495,-7.051154,110.3993,-7.051118,110.3993,1,DELIVERY,0.0,0,0,12.77
572,2026-07-10 16:52:41.022,1044,1783677161000.0,1783677161021.179,21.178955078125,658.037109375,True,True,0,572,572,817,6536,138.4563388671875,27701.844721455123,-7.051154,110.3993,-7.051118,110.3993,1,DELIVERY,0.0,0,0,12.77
573,2026-07-10 16:52:41.316,1045,1783677161000.0,1783677161315.906,315.906005859375,294.72705078125,True,True,0,573,573,820,6560,138.75106591796876,27690.280968878957,-7.051154,110.3993,-7.051118,110.3993,1,DELIVERY,0.0,0,0,12.77
574,2026-07-10 16:52:41.438,1046,1783677161000.0,1783677161437.044,437.0439453125,121.137939453125,True,True,0,574,574,820,6560,138.87220385742188,27713.3644681791,-7.051154,110.3993,-7.051118,110.3993,1,DELIVERY,0.0,0,0,12.77
575,2026-07-10 16:52:41.704,1047,1783677161000.0,1783677161703.569,703.569091796875,266.525146484375,True,True,0,575,575,819,6552,139.13872900390626,27707.368233123416,-7.051154,110.3993,-7.051118,110.3993,1,DELIVERY,0.0,0,0,12.77
576,2026-07-10 16:52:42.061,1048,1783677162000.0,1783677162059.284,59.283935546875,644.28515625,True,True,0,576,576,821,6568,139.49444384765624,27683.79795984888,-7.051154,110.3993,-7.051118,110.3993,1,DELIVERY,0.0,0,0,12.78
577,2026-07-10 16:52:42.110,1049,1783677162000.0,1783677162110.125,110.125,50.841064453125,True,True,0,577,577,822,6576,139.54528491210937,27720.836303687378,-7.051154,110.3993,-7.051118,110.3993,1,DELIVERY,0.0,0,0,12.78
578,2026-07-10 16:52:42.279,1050,1783677162000.0,1783677162279.078,279.077880859375,168.952880859375,True,True,0,578,578,821,6568,139.71423779296876,27734.32444116305,-7.051154,110.3993,-7.051118,110.3993,1,DELIVERY,0.0,0,0,12.78
579,2026-07-10 16:52:42.480,1051,1783677162000.0,1783677162479.608,479.60791015625,200.530029296875,True,True,0,579,579,826,6608,139.91476782226562,27741.803530923,-7.051151,110.3993,-7.051119,110.3993,1,DELIVERY,0.0,0,0,12.78
580,2026-07-10 16:52:42.728,1052,1783677162000.0,1783677162727.333,727.3330078125,247.72509765625,True,True,0,580,580,823,6584,140.16249291992187,27739.746340137848,-7.051151,110.3993,-7.051119,110.3993,1,DELIVERY,0.0,0,0,12.78
581,2026-07-10 16:52:43.341,1054,1783677163000.0,1783677163341.248,341.248046875,386.0849609375,True,True,0,581,581,826,6608,140.77640795898438,27665.715132714045,-7.051151,110.3993,-7.051119,110.3993,1,DELIVERY,0.0,0,0,12.77
582,2026-07-10 16:52:43.351,1055,1783677163000.0,1783677163350.701,350.700927734375,9.452880859375,True,True,0,582,582,826,6608,140.78586083984376,27710.79408633269,-7.051151,110.3993,-7.051119,110.3993,1,DELIVERY,0.0,0,0,12.77
583,2026-07-10 16:52:43.495,1056,1783677163000.0,1783677163495.295,495.294921875,144.593994140625,True,True,0,583,583,822,6576,140.93045483398438,27729.02425244743,-7.051151,110.3993,-7.051119,110.3993,1,DELIVERY,0.0,0,0,12.77
584,2026-07-10 16:52:43.702,1057,1783677163000.0,1783677163701.699,701.698974609375,206.404052734375,True,True,0,584,584,825,6600,141.13685888671876,27735.23536570898,-7.051151,110.3993,-7.051119,110.3993,1,DELIVERY,0.0,0,0,12.77
585,2026-07-10 16:52:44.225,1059,1783677164000.0,1783677164225.083,225.0830078125,476.615966796875,True,True,0,585,585,824,6592,141.66024291992187,27679.297445624925,-7.051151,110.3993,-7.051119,110.3993,1,DELIVERY,0.0,0,0,12.78
586,2026-07-10 16:52:44.318,1060,1783677164000.0,1783677164318.061,318.06103515625,92.97802734375,True,True,0,586,586,824,6592,141.75322094726562,27707.6455388703,-7.051151,110.3993,-7.051119,110.3993,1,DELIVERY,0.0,0,0,12.78
587,2026-07-10 16:52:44.571,1061,1783677164000.0,1783677164571.011,571.010986328125,252.949951171875,True,True,0,587,587,821,6568,142.0061708984375,27704.542521703108,-7.051151,110.3993,-7.051119,110.3993,1,DELIVERY,0.0,0,0,12.78
588,2026-07-10 16:52:44.730,1062,1783677164000.0,1783677164730.383,730.383056640625,159.3720703125,True,True,0,588,588,822,6576,142.16554296875,27719.740787444127,-7.051151,110.3993,-7.051119,110.3993,1,DELIVERY,0.0,0,0,12.78
589,2026-07-10 16:52:45.272,1064,1783677165000.0,1783677165271.897,271.89697265625,458.486083984375,True,True,0,589,589,821,6568,142.70705688476562,27660.58025558925,-7.051151,110.3993,-7.051119,110.3993,1,DELIVERY,0.0,0,0,12.77
590,2026-07-10 16:52:45.344,1065,1783677165000.0,1783677165343.55,343.550048828125,71.653076171875,True,True,0,590,590,822,6576,142.7787099609375,27692.756161487578,-7.051151,110.3993,-7.051119,110.3993,1,DELIVERY,0.0,0,0,12.77
591,2026-07-10 16:52:45.595,1066,1783677165000.0,1783677165595.312,595.31201171875,251.761962890625,True,True,0,591,591,825,6600,143.03047192382812,27690.155438410435,-7.051151,110.3993,-7.051119,110.3993,1,DELIVERY,0.0,0,0,12.77
592,2026-07-10 16:52:45.804,1067,1783677165000.0,1783677165803.928,803.927978515625,208.615966796875,True,True,0,592,592,825,6600,143.239087890625,27695.903809644748,-7.051151,110.3993,-7.051119,110.3993,1,DELIVERY,0.0,0,0,12.77
593,2026-07-10 16:52:46.108,1068,1783677166000.0,1783677166107.115,107.114990234375,696.81298828125,True,True,0,593,593,824,6592,143.54227490234376,27683.32885000917,-7.051151,110.3993,-7.051119,110.3993,1,DELIVERY,0.0,0,0,12.77
594,2026-07-10 16:52:46.229,1069,1783677166000.0,1783677166228.098,228.097900390625,120.98291015625,True,True,0,594,594,824,6592,143.6632578125,27705.901011898644,-7.051151,110.3993,-7.051119,110.3993,1,DELIVERY,0.0,0,0,12.77
595,2026-07-10 16:52:46.516,1070,1783677166000.0,1783677166515.655,515.655029296875,287.55712890625,True,True,0,595,595,824,6592,143.95081494140624,27696.34893434145,-7.051151,110.3993,-7.051119,110.3993,1,DELIVERY,0.0,0,0,12.77
596,2026-07-10 16:52:46.825,1071,1783677166000.0,1783677166825.263,825.262939453125,309.60791015625,True,True,0,596,596,824,6592,144.2604228515625,27682.602900097805,-7.051151,110.3993,-7.051119,110.3993,1,DELIVERY,0.0,0,0,12.77
597,2026-07-10 16:52:47.028,1072,1783677166000.0,1783677167028.351,1028.35107421875,203.088134765625,True,True,0,597,597,826,6608,144.46351098632812,27689.428096334766,-7.051151,110.3993,-7.051119,110.3993,1,DELIVERY,0.0,0,0,12.77
598,2026-07-10 16:52:47.034,1073,1783677167000.0,1783677167034.231,34.23095703125,994.1201171875,True,True,0,598,598,826,6608,144.46939086914062,27734.040933482298,-7.051151,110.3993,-7.051119,110.3993,1,DELIVERY,0.0,0,0,12.77
599,2026-07-10 16:52:47.274,1074,1783677167000.0,1783677167274.464,274.464111328125,240.233154296875,True,True,0,599,599,825,6600,144.7096240234375,27733.60809333589,-7.051151,110.3993,-7.051119,110.3993,1,DELIVERY,0.0,0,0,12.77
600,2026-07-10 16:52:47.540,1075,1783677167000.0,1783677167539.55,539.550048828125,265.0859375,True,True,0,600,600,820,6560,144.9747099609375,27728.146523508345,-7.05115,110.3993,-7.05112,110.3993,1,DELIVERY,0.0,0,0,12.77
601,2026-07-10 16:52:47.646,1076,1783677167000.0,1783677167645.375,645.375,105.824951171875,True,True,0,601,601,821,6568,145.08053491210939,27753.19240750832,-7.05115,110.3993,-7.05112,110.3993,1,DELIVERY,0.0,0,0,12.77
602,2026-07-10 16:52:48.259,1078,1783677168000.0,1783677168258.769,258.76904296875,386.60595703125,True,True,0,602,602,819,6552,145.69392895507812,27681.318150487223,-7.05115,110.3993,-7.05112,110.3993,1,DELIVERY,0.0,0,0,12.77
603,2026-07-10 16:52:48.363,1079,1783677168000.0,1783677168363.16,363.159912109375,104.390869140625,True,True,0,603,603,819,6552,145.79831982421874,27706.43725435432,-7.05115,110.3993,-7.05112,110.3993,1,DELIVERY,0.0,0,0,12.77
604,2026-07-10 16:52:48.425,1080,1783677168000.0,1783677168424.658,424.657958984375,61.498046875,True,True,0,604,604,822,6576,145.85981787109375,27739.839930253023,-7.051156,110.3993,-7.051121,110.3993,1,DELIVERY,0.0,0,0,12.77
605,2026-07-10 16:52:48.669,1081,1783677168000.0,1783677168668.009,668.009033203125,243.35107421875,True,True,0,605,605,820,6560,146.1031689453125,27738.535921263636,-7.051156,110.3993,-7.051122,110.3993,1,DELIVERY,0.0,0,0,12.77
606,2026-07-10 16:52:49.078,1082,1783677169000.0,1783677169077.958,77.9580078125,590.051025390625,True,True,0,606,606,820,6560,146.51311791992188,27705.696647713277,-7.051156,110.3993,-7.051122,110.3993,1,DELIVERY,0.0,0,0,12.77
607,2026-07-10 16:52:49.086,1083,1783677169000.0,1783677169086.256,86.256103515625,8.298095703125,True,True,0,607,607,820,6560,146.521416015625,27748.899175028608,-7.051156,110.3993,-7.051122,110.3993,1,DELIVERY,0.0,0,0,12.77
608,2026-07-10 16:52:49.240,1084,1783677169000.0,1783677169239.907,239.906982421875,153.65087890625,True,True,0,608,608,823,6584,146.67506689453126,27764.71888660061,-7.051156,110.3993,-7.051122,110.3993,1,DELIVERY,0.0,0,0,12.78
609,2026-07-10 16:52:49.439,1085,1783677169000.0,1783677169438.553,438.552978515625,198.64599609375,True,True,0,609,609,824,6592,146.873712890625,27772.04933218763,-7.051156,110.3993,-7.051122,110.3993,1,DELIVERY,0.0,0,0,12.78
610,2026-07-10 16:52:49.690,1086,1783677169000.0,1783677169690.237,690.237060546875,251.68408203125,True,True,0,610,610,821,6568,147.12539697265626,27769.182507349928,-7.051156,110.3993,-7.051122,110.3993,1,DELIVERY,0.0,0,0,12.78
611,2026-07-10 16:52:50.105,1088,1783677170000.0,1783677170105.236,105.236083984375,585.0009765625,True,True,0,611,611,822,6576,147.54039599609376,27735.644684784103,-7.051156,110.3993,-7.051122,110.3993,1,DELIVERY,0.0,0,0,12.78
612,2026-07-10 16:52:50.538,1089,1783677170000.0,1783677170538.082,538.08203125,432.845947265625,True,True,0,612,612,822,6576,147.97324194335937,27698.95385254103,-7.051156,110.3993,-7.051122,110.3993,1,DELIVERY,0.0,0,0,12.77
613,2026-07-10 16:52:50.678,1090,1783677170000.0,1783677170677.558,677.55810546875,139.47607421875,True,True,0,613,613,824,6592,148.11271801757812,27717.376704360937,-7.051158,110.3993,-7.051123,110.3993,1,DELIVERY,0.0,0,0,12.77
614,2026-07-10 16:52:50.684,1091,1783677170000.0,1783677170683.701,683.700927734375,6.142822265625,True,True,0,614,614,824,6592,148.11886083984376,27760.732000538774,-7.051158,110.3993,-7.051123,110.3993,1,DELIVERY,0.0,0,0,12.77
615,2026-07-10 16:52:51.331,1093,1783677171000.0,1783677171331.502,331.501953125,352.198974609375,True,True,0,615,615,823,6584,148.76666186523437,27684.105755702618,-7.051158,110.3993,-7.051123,110.3993,1,DELIVERY,0.0,0,0,12.77
616,2026-07-10 16:52:51.584,1094,1783677171000.0,1783677171583.982,583.98193359375,252.47998046875,True,True,0,616,616,823,6584,149.01914184570313,27681.38340422837,-7.051158,110.3993,-7.051123,110.3993,1,DELIVERY,0.0,0,0,12.77
617,2026-07-10 16:52:51.647,1095,1783677171000.0,1783677171646.855,646.85498046875,62.873046875,True,True,0,617,617,823,6584,149.08201489257812,27713.872816765164,-7.051158,110.3993,-7.051124,110.3993,1,DELIVERY,0.0,0,0,12.77
618,2026-07-10 16:52:51.758,1096,1783677171000.0,1783677171757.796,757.7958984375,110.94091796875,True,True,0,618,618,823,6584,149.19295581054686,27737.395358363545,-7.051157,110.3993,-7.051125,110.3993,1,DELIVERY,0.0,0,0,12.77
619,2026-07-10 16:52:52.148,1098,1783677172000.0,1783677172147.831,147.8310546875,609.96484375,True,True,0,619,619,826,6608,149.58299096679687,27709.24670786957,-7.051157,110.3993,-7.051125,110.3993,1,DELIVERY,0.0,0,0,12.77
620,2026-07-10 16:52:52.455,1099,1783677172000.0,1783677172455.419,455.4189453125,307.587890625,True,True,0,620,620,824,6592,149.89057885742187,27696.363785137528,-7.051157,110.3993,-7.051125,110.3993,1,DELIVERY,0.0,0,0,12.77
621,2026-07-10 16:52:52.661,1100,1783677172000.0,1783677172660.989,660.989013671875,205.570068359375,True,True,0,621,621,824,6592,150.09614892578125,27702.34965892452,-7.051157,110.3993,-7.051125,110.3993,1,DELIVERY,0.0,0,0,12.77
622,2026-07-10 16:52:52.864,1101,1783677172000.0,1783677172864.179,864.178955078125,203.18994140625,True,True,0,622,622,823,6584,150.2993388671875,27708.704718122965,-7.051154,110.3993,-7.051126,110.3993,1,DELIVERY,0.0,0,0,12.77
623,2026-07-10 16:52:53.276,1103,1783677173000.0,1783677173275.503,275.5029296875,588.676025390625,True,True,0,623,623,826,6608,150.71066284179688,27676.926909800513,-7.051154,110.3993,-7.051126,110.3993,1,DELIVERY,0.0,0,0,12.77
624,2026-07-10 16:52:53.380,1104,1783677173000.0,1783677173380.428,380.427978515625,104.925048828125,True,True,0,624,624,826,6608,150.815587890625,27701.486686043685,-7.051154,110.3993,-7.051126,110.3993,1,DELIVERY,0.0,0,0,12.77
625,2026-07-10 16:52:53.585,1105,1783677173000.0,1783677173584.884,584.884033203125,204.4560546875,True,True,0,625,625,822,6576,151.0200439453125,27707.52736315754,-7.051157,110.3993,-7.051127,110.3993,1,DELIVERY,0.0,0,0,12.77
626,2026-07-10 16:52:53.891,1106,1783677173000.0,1783677173891.24,891.239990234375,306.35595703125,True,True,0,626,626,823,6584,151.32639990234375,27694.942869879837,-7.051157,110.3993,-7.051127,110.3993,1,DELIVERY,0.0,0,0,12.77
627,2026-07-10 16:52:54.003,1107,1783677174000.0,1783677174002.833,2.8330078125,888.406982421875,True,True,0,627,627,823,6584,151.43799291992187,27718.011306578836,-7.051157,110.3993,-7.051127,110.3993,1,DELIVERY,0.0,0,0,12.77
628,2026-07-10 16:52:54.197,1108,1783677174000.0,1783677174196.575,196.574951171875,193.741943359375,True,True,0,628,628,823,6584,151.63173486328125,27726.016613808886,-7.051157,110.3993,-7.051127,110.3993,1,DELIVERY,0.0,0,0,12.77
629,2026-07-10 16:52:54.504,1109,1783677174000.0,1783677174503.549,503.549072265625,306.97412109375,True,True,0,629,629,823,6584,151.938708984375,27713.33275204425,-7.051157,110.3993,-7.051127,110.3993,1,DELIVERY,0.0,0,0,12.77
630,2026-07-10 16:52:54.611,1110,1783677174000.0,1783677174611.045,611.044921875,107.495849609375,True,True,0,630,630,823,6584,152.04620483398438,27737.04220111763,-7.051157,110.3993,-7.051127,110.3993,1,DELIVERY,0.0,0,0,12.77
631,2026-07-10 16:52:55.021,1112,1783677175000.0,1783677175021.41,21.409912109375,589.635009765625,True,True,0,631,631,822,6576,152.45656982421875,27705.51642917134,-7.051157,110.3993,-7.051127,110.3993,1,DELIVERY,0.0,0,0,12.77
632,2026-07-10 16:52:55.210,1113,1783677175000.0,1783677175210.328,210.327880859375,188.91796875,True,True,0,632,632,822,6576,152.64548779296874,27714.30758397345,-7.051157,110.3993,-7.051127,110.3993,1,DELIVERY,0.0,0,0,12.77
633,2026-07-10 16:52:55.426,1114,1783677175000.0,1783677175425.804,425.803955078125,215.47607421875,True,True,0,633,633,820,6560,152.8609638671875,27718.15572013086,-7.051157,110.3993,-7.051127,110.3993,1,DELIVERY,0.0,0,0,12.78
634,2026-07-10 16:52:55.630,1115,1783677175000.0,1783677175629.825,629.824951171875,204.02099609375,True,True,0,634,634,823,6584,153.06498486328124,27724.224477534306,-7.051157,110.3993,-7.051128,110.3993,1,DELIVERY,0.0,0,0,12.78
635,2026-07-10 16:52:56.087,1116,1783677176000.0,1783677176087.231,87.23095703125,542.593994140625,True,True,0,635,635,824,6592,153.52239086914062,27684.561033333466,-7.051157,110.3993,-7.051128,110.3993,1,DELIVERY,0.0,0,0,12.78
636,2026-07-10 16:52:56.151,1117,1783677176000.0,1783677176151.123,151.123046875,63.89208984375,True,True,0,636,636,824,6592,153.58628295898438,27715.9647202139,-7.051156,110.3993,-7.051129,110.3993,1,DELIVERY,0.0,0,0,12.78
637,2026-07-10 16:52:56.251,1118,1783677176000.0,1783677176250.031,250.031005859375,98.907958984375,True,True,0,637,637,822,6576,153.68519091796875,27740.916184146994,-7.051156,110.3993,-7.051129,110.3993,1,DELIVERY,0.0,0,0,12.78
638,2026-07-10 16:52:56.461,1119,1783677176000.0,1783677176460.84,460.840087890625,210.80908203125,True,True,0,638,638,826,6608,153.896,27745.85434319281,-7.051156,110.3993,-7.051129,110.3993,1,DELIVERY,0.0,0,0,12.77
639,2026-07-10 16:52:56.723,1120,1783677176000.0,1783677176722.528,722.528076171875,261.68798828125,True,True,0,639,639,823,6584,154.15768798828125,27741.464313639,-7.051156,110.3993,-7.051129,110.3993,1,DELIVERY,0.0,0,0,12.77
640,2026-07-10 16:52:57.074,1122,1783677177000.0,1783677177073.522,73.52197265625,649.006103515625,True,True,0,640,640,819,6552,154.50868188476562,27720.850037374566,-7.05116,110.3993,-7.05113,110.3993,1,DELIVERY,0.0,0,0,12.77
641,2026-07-10 16:52:57.378,1123,1783677177000.0,1783677177377.143,377.14306640625,303.62109375,True,True,0,641,641,818,6544,154.81230297851562,27708.753874653652,-7.05116,110.3993,-7.05113,110.3993,1,DELIVERY,0.0,0,0,12.77
642,2026-07-10 16:52:57.485,1124,1783677177000.0,1783677177485.337,485.3369140625,108.19384765625,True,True,0,642,642,829,6632,154.92049682617187,27732.211605418735,-7.05116,110.3993,-7.05113,110.3993,1,DELIVERY,-0.001,0,0,12.77
643,2026-07-10 16:52:57.783,1125,1783677177000.0,1783677177782.857,782.85693359375,297.52001953125,True,True,0,643,643,821,6568,155.21801684570312,27721.369512646983,-7.051155,110.3993,-7.05113,110.3993,1,DELIVERY,0.0,0,0,12.77
644,2026-07-10 16:52:58.191,1127,1783677178000.0,1783677178190.601,190.60107421875,592.255859375,True,True,0,644,644,817,6536,155.62576098632812,27690.73688499801,-7.051155,110.3993,-7.05113,110.3993,1,DELIVERY,0.0,0,0,12.77
645,2026-07-10 16:52:58.449,1128,1783677178000.0,1783677178448.697,448.697021484375,258.095947265625,True,True,0,645,645,817,6536,155.88385693359376,27686.818153585828,-7.051155,110.3993,-7.05113,110.3993,1,DELIVERY,0.0,0,0,12.77
646,2026-07-10 16:52:58.513,1129,1783677178000.0,1783677178512.893,512.89306640625,64.196044921875,True,True,0,646,646,821,6568,155.94805297851562,27717.537458422095,-7.051155,110.3993,-7.05113,110.3993,1,DELIVERY,0.0,0,0,12.77
647,2026-07-10 16:52:58.732,1130,1783677178000.0,1783677178731.685,731.68505859375,218.7919921875,True,True,0,647,647,827,6616,156.16684497070312,27721.069736743037,-7.051155,110.3993,-7.05113,110.3993,1,DELIVERY,0.0,0,0,12.77
648,2026-07-10 16:52:59.011,1131,1783677179000.0,1783677179010.692,10.69189453125,720.9931640625,True,True,0,648,648,824,6592,156.44585180664063,27713.76773453039,-7.051155,110.3993,-7.05113,110.3993,1,DELIVERY,0.0,0,0,12.77
649,2026-07-10 16:52:59.135,1132,1783677179000.0,1783677179134.946,134.946044921875,124.254150390625,True,True,0,649,649,826,6608,156.57010595703125,27733.97880430441,-7.051155,110.3993,-7.05113,110.3993,1,DELIVERY,0.0,0,0,12.77
650,2026-07-10 16:52:59.358,1133,1783677179000.0,1783677179357.737,357.737060546875,222.791015625,True,True,0,650,650,827,6616,156.79289697265625,27736.766677373318,-7.051155,110.3993,-7.05113,110.3993,1,DELIVERY,0.0,0,0,12.77
651,2026-07-10 16:52:59.828,1134,1783677179000.0,1783677179827.602,827.60205078125,469.864990234375,True,True,0,651,651,819,6552,157.26276196289064,27695.55834856674,-7.051155,110.3993,-7.05113,110.3993,1,DELIVERY,0.0,0,0,12.77
652,2026-07-10 16:52:59.938,1135,1783677179000.0,1783677179937.969,937.968994140625,110.366943359375,True,True,0,652,652,819,6552,157.37312890625,27717.76878502899,-7.051155,110.3993,-7.05113,110.3993,1,DELIVERY,0.0,0,0,12.77
653,2026-07-10 16:53:00.240,1137,1783677180000.0,1783677180239.249,239.2490234375,698.719970703125,True,True,0,653,653,817,6536,157.67440893554686,27706.258926175873,-7.051155,110.3993,-7.05113,110.3993,1,DELIVERY,0.0,0,0,12.77
654,2026-07-10 16:53:00.444,1138,1783677180000.0,1783677180443.679,443.678955078125,204.429931640625,True,True,0,654,654,818,6544,157.8788388671875,27711.832892820283,-7.051155,110.3993,-7.05113,110.3993,1,DELIVERY,0.0,0,0,12.77
655,2026-07-10 16:53:00.647,1139,1783677180000.0,1783677180646.758,646.758056640625,203.0791015625,True,True,0,655,655,819,6552,158.08191796875,27717.679898507922,-7.051155,110.3993,-7.05113,110.3993,1,DELIVERY,0.0,0,0,12.77
656,2026-07-10 16:53:00.852,1140,1783677180000.0,1783677180851.447,851.447021484375,204.68896484375,True,True,0,656,656,817,6536,158.28660693359376,27723.128854742517,-7.051155,110.3993,-7.05113,110.3993,1,DELIVERY,0.0,0,0,12.77
657,2026-07-10 16:53:01.057,1141,1783677181000.0,1783677181056.472,56.471923828125,794.97509765625,True,True,0,657,657,818,6544,158.4916318359375,27728.55543912385,-7.051155,110.3993,-7.05113,110.3993,1,DELIVERY,0.0,0,0,12.77
658,2026-07-10 16:53:01.198,1142,1783677181000.0,1783677181197.511,197.510986328125,141.0390625,True,True,0,658,658,819,6552,158.6326708984375,27745.205165321033,-7.051155,110.3993,-7.05113,110.3993,1,DELIVERY,0.0,0,0,12.77
659,2026-07-10 16:53:01.466,1143,1783677181000.0,1783677181466.04,466.0400390625,268.529052734375,True,True,0,659,659,818,6544,158.90119995117186,27739.501031801323,-7.051155,110.3993,-7.05113,110.3993,1,DELIVERY,0.0,0,0,12.77
660,2026-07-10 16:53:01.672,1144,1783677181000.0,1783677181671.182,671.181884765625,205.141845703125,True,True,0,660,660,825,6600,159.106341796875,27745.217130538687,-7.051155,110.3993,-7.05113,110.3993,1,DELIVERY,0.0,0,0,12.78
661,2026-07-10 16:53:02.093,1146,1783677182000.0,1783677182093.245,93.2451171875,577.936767578125,True,True,0,661,661,826,6608,159.52840502929686,27713.23388576529,-7.051155,110.3993,-7.05113,110.3993,1,DELIVERY,0.0,0,0,12.78
662,2026-07-10 16:53:02.221,1147,1783677182000.0,1783677182221.186,221.18603515625,127.94091796875,True,True,0,662,662,827,6616,159.65634594726563,27732.46483708486,-7.051155,110.3993,-7.05113,110.3993,1,DELIVERY,0.0,0,0,12.78
663,2026-07-10 16:53:02.593,1148,1783677182000.0,1783677182592.982,592.98193359375,371.7958984375,True,True,0,663,663,824,6592,160.02814184570312,27709.226320177157,-7.051155,110.3993,-7.05113,110.3993,1,DELIVERY,0.0,0,0,12.78
664,2026-07-10 16:53:02.699,1149,1783677182000.0,1783677182699.47,699.469970703125,106.488037109375,True,True,0,664,664,818,6544,160.1346298828125,27731.66555697418,-7.051155,110.3993,-7.05113,110.3993,1,DELIVERY,0.0,0,0,12.78
665,2026-07-10 16:53:03.063,1151,1783677183000.0,1783677183063.216,63.216064453125,636.25390625,True,True,0,665,665,819,6552,160.4983759765625,27709.638636153206,-7.051155,110.3993,-7.05113,110.3993,1,DELIVERY,0.0,0,0,12.78
666,2026-07-10 16:53:03.249,1152,1783677183000.0,1783677183248.268,248.26806640625,185.052001953125,True,True,0,666,666,817,6536,160.68342797851562,27718.402924510126,-7.051155,110.3993,-7.05113,110.3993,1,DELIVERY,0.0,0,0,12.78
667,2026-07-10 16:53:03.461,1153,1783677183000.0,1783677183460.351,460.35107421875,212.0830078125,True,True,0,667,667,817,6536,160.89551098632813,27722.48879199009,-7.051155,110.3993,-7.05113,110.3993,1,DELIVERY,0.0,0,0,12.78
668,2026-07-10 16:53:03.720,1154,1783677183000.0,1783677183719.482,719.48193359375,259.130859375,True,True,0,668,668,820,6560,161.1546418457031,27718.618271491654,-7.051155,110.3993,-7.05113,110.3993,1,DELIVERY,0.0,0,0,12.78
669,2026-07-10 16:53:04.069,1156,1783677184000.0,1783677184069.168,69.16796875,650.31396484375,True,True,0,669,669,821,6568,161.50432788085936,27699.270098198907,-7.051155,110.3993,-7.05113,110.3993,1,DELIVERY,0.0,0,0,12.78
670,2026-07-10 16:53:04.436,1157,1783677184000.0,1783677184435.577,435.576904296875,366.408935546875,True,True,0,670,670,818,6544,161.87073681640624,27676.99763473199,-7.051155,110.3993,-7.05113,110.3993,1,DELIVERY,0.0,0,0,12.78
671,2026-07-10 16:53:04.542,1158,1783677184000.0,1783677184541.662,541.662109375,106.085205078125,True,True,0,671,671,818,6544,161.97682202148437,27699.271685950836,-7.051155,110.3993,-7.05113,110.3993,1,DELIVERY,0.0,0,0,12.78
672,2026-07-10 16:53:04.952,1159,1783677184000.0,1783677184951.903,951.903076171875,410.240966796875,True,True,0,672,672,821,6568,162.38706298828126,27669.74115619207,-7.051155,110.3993,-7.05113,110.3993,1,DELIVERY,0.0,0,0,12.78
673,2026-07-10 16:53:05.153,1161,1783677185000.0,1783677185152.889,152.888916015625,799.01416015625,True,True,0,673,673,819,6552,162.588048828125,27675.834924108007,-7.051155,110.3993,-7.05113,110.3993,1,DELIVERY,0.0,0,0,12.77
674,2026-07-10 16:53:05.360,1162,1783677185000.0,1783677185359.91,359.909912109375,207.02099609375,True,True,0,674,674,819,6552,162.79506982421876,27680.887417940732,-7.051155,110.3993,-7.05113,110.3993,1,DELIVERY,0.0,0,0,12.77
675,2026-07-10 16:53:05.563,1163,1783677185000.0,1783677185562.741,562.740966796875,202.8310546875,True,True,0,675,675,818,6544,162.99790087890625,27686.58967794115,-7.051155,110.3993,-7.05113,110.3993,1,DELIVERY,0.0,0,0,12.77
676,2026-07-10 16:53:05.726,1164,1783677185000.0,1783677185726.347,726.346923828125,163.60595703125,True,True,0,676,676,817,6536,163.1615068359375,27698.88613828719,-7.051155,110.3993,-7.05113,110.3993,1,DELIVERY,0.0,0,0,12.77
677,2026-07-10 16:53:06.176,1166,1783677186000.0,1783677186176.263,176.262939453125,550.083984375,True,True,0,677,677,823,6584,163.6114228515625,27662.958497135132,-7.051155,110.3993,-7.05113,110.3993,1,DELIVERY,0.0,0,0,12.77
678,2026-07-10 16:53:06.414,1167,1783677186000.0,1783677186414.728,414.72802734375,238.465087890625,True,True,0,678,678,826,6608,163.8498879394531,27663.027768898508,-7.05115,110.3993,-7.051131,110.3993,1,DELIVERY,0.0,0,0,12.77
679,2026-07-10 16:53:06.587,1168,1783677186000.0,1783677186587.24,587.239990234375,172.511962890625,True,True,0,679,679,825,6600,164.02239990234375,27674.17134917277,-7.05115,110.3993,-7.051131,110.3993,1,DELIVERY,0.0,0,0,12.77
680,2026-07-10 16:53:06.960,1169,1783677186000.0,1783677186959.577,959.576904296875,372.3369140625,True,True,0,680,680,825,6600,164.39473681640624,27651.639511285986,-7.05115,110.3993,-7.051131,110.3993,1,DELIVERY,0.0,0,0,12.77
681,2026-07-10 16:53:07.104,1170,1783677187000.0,1783677187103.677,103.677001953125,855.89990234375,True,True,0,681,681,817,6536,164.5388369140625,27667.145856741685,-7.05115,110.3993,-7.051131,110.3993,1,DELIVERY,0.0,0,0,12.77
682,2026-07-10 16:53:07.167,1171,1783677187000.0,1783677187166.767,166.76708984375,63.090087890625,True,True,0,682,682,819,6552,164.60192700195313,27696.3464707549,-7.05115,110.3993,-7.051131,110.3993,1,DELIVERY,0.0,0,0,12.77
683,2026-07-10 16:53:07.406,1172,1783677187000.0,1783677187406.323,406.322998046875,239.555908203125,True,True,0,683,683,821,6568,164.84148291015626,27695.941090801196,-7.051142,110.3993,-7.051131,110.3993,1,DELIVERY,0.0,0,0,12.77
684,2026-07-10 16:53:07.714,1173,1783677187000.0,1783677187713.652,713.652099609375,307.3291015625,True,True,0,684,684,820,6560,165.14881201171875,27684.122848401577,-7.051142,110.3993,-7.051131,110.3993,1,DELIVERY,0.0,0,0,12.77
685,2026-07-10 16:53:08.021,1174,1783677187000.0,1783677188021.081,1021.0810546875,307.428955078125,True,True,0,685,685,820,6560,165.45624096679688,27672.33180958588,-7.051142,110.3993,-7.051131,110.3993,1,DELIVERY,0.0,0,0,12.77
686,2026-07-10 16:53:08.227,1175,1783677188000.0,1783677188226.227,226.22705078125,794.85400390625,True,True,0,686,686,818,6544,165.66138696289062,27677.566173142674,-7.051142,110.3993,-7.051131,110.3993,1,DELIVERY,0.0,0,0,12.77
687,2026-07-10 16:53:08.335,1176,1783677188000.0,1783677188333.209,333.208984375,106.98193359375,True,True,0,687,687,817,6536,165.76836889648436,27699.132413297095,-7.05114,110.3993,-7.051131,110.3993,1,DELIVERY,0.0,0,0,12.77
688,2026-07-10 16:53:08.393,1177,1783677188000.0,1783677188392.779,392.779052734375,59.570068359375,True,True,0,688,688,816,6528,165.82793896484375,27728.548209085755,-7.05114,110.3993,-7.051131,110.3993,1,DELIVERY,0.0,0,0,12.77
689,2026-07-10 16:53:08.634,1178,1783677188000.0,1783677188634.013,634.012939453125,241.23388671875,True,True,0,689,689,815,6520,166.0691728515625,27727.530166696288,-7.05114,110.3993,-7.051131,110.3993,1,DELIVERY,0.0,0,0,12.77
690,2026-07-10 16:53:09.019,1180,1783677189000.0,1783677189018.224,18.22412109375,615.788818359375,True,True,0,690,690,813,6504,166.45338403320312,27702.60290460774,-7.05114,110.3993,-7.051131,110.3993,1,DELIVERY,0.0,0,0,12.77
691,2026-07-10 16:53:09.219,1181,1783677189000.0,1783677189219.27,219.27001953125,201.0458984375,True,True,0,691,691,819,6552,166.65442993164064,27708.498369315086,-7.051132,110.3993,-7.051131,110.3993,1,DELIVERY,0.0,0,0,12.77
692,2026-07-10 16:53:09.556,1182,1783677189000.0,1783677189555.915,555.9150390625,336.64501953125,True,True,0,692,692,820,6560,166.99107495117187,27691.923064464045,-7.051132,110.3993,-7.051131,110.3993,1,DELIVERY,0.0,0,0,12.77
693,2026-07-10 16:53:09.662,1183,1783677189000.0,1783677189661.859,661.85888671875,105.94384765625,True,True,0,693,693,820,6560,167.09701879882812,27713.624296165344,-7.051132,110.3993,-7.051131,110.3993,1,DELIVERY,0.0,0,0,12.77
694,2026-07-10 16:53:10.171,1185,1783677190000.0,1783677190170.555,170.554931640625,491.303955078125,True,True,0,694,694,820,6560,167.60571484375,27668.65082329219,-7.051132,110.3993,-7.051131,110.3993,1,DELIVERY,0.0,0,0,12.77
695,2026-07-10 16:53:10.279,1186,1783677190000.0,1783677190278.834,278.833984375,108.279052734375,True,True,0,695,695,807,6456,167.71399389648437,27689.281568634477,-7.051128,110.3993,-7.051131,110.3993,1,DELIVERY,0.0,0,0,12.77
696,2026-07-10 16:53:10.452,1187,1783677190000.0,1783677190452.67,452.669921875,173.8359375,True,True,0,696,696,808,6464,167.88782983398437,27699.113179308384,-7.051128,110.3993,-7.051131,110.3993,1,DELIVERY,0.0,0,0,12.77
697,2026-07-10 16:53:10.683,1188,1783677190000.0,1783677190682.946,682.946044921875,230.276123046875,True,True,0,697,697,808,6464,168.11810595703125,27699.622081099453,-7.051128,110.3993,-7.051131,110.3993,1,DELIVERY,0.0,0,0,12.77
698,2026-07-10 16:53:11.093,1189,1783677191000.0,1783677191093.399,93.39892578125,589.547119140625,True,True,0,698,698,807,6456,168.5285588378906,27670.467439798394,-7.051128,110.3993,-7.051131,110.3993,1,DELIVERY,0.0,0,0,12.77
699,2026-07-10 16:53:11.299,1190,1783677191000.0,1783677191299.177,299.177001953125,205.778076171875,True,True,0,699,699,807,6456,168.7343369140625,27674.983559382574,-7.051128,110.3993,-7.051131,110.3993,1,DELIVERY,0.0,0,0,12.77
700,2026-07-10 16:53:11.315,1191,1783677191000.0,1783677191315.34,315.340087890625,16.1630859375,True,True,0,700,700,817,6536,168.7505,27711.064559808714,-7.051125,110.3993,-7.051131,110.3993,1,DELIVERY,0.0,0,0,12.77
701,2026-07-10 16:53:11.518,1192,1783677191000.0,1783677191517.542,517.5419921875,202.201904296875,True,True,0,701,701,819,6552,168.95270190429687,27716.680154973626,-7.051125,110.3993,-7.051131,110.3993,1,DELIVERY,0.0,0,0,12.77
702,2026-07-10 16:53:11.709,1193,1783677191000.0,1783677191708.556,708.555908203125,191.013916015625,True,True,0,702,702,821,6568,169.1437158203125,27724.21060550481,-7.051125,110.3993,-7.051131,110.3993,1,DELIVERY,0.0,0,0,12.77
703,2026-07-10 16:53:12.188,1195,1783677192000.0,1783677192187.823,187.822998046875,520.73291015625,True,True,0,703,703,816,6528,169.62298291015625,27684.361632098327,-7.051125,110.3993,-7.051131,110.3993,1,DELIVERY,0.0,0,0,12.77
704,2026-07-10 16:53:12.292,1196,1783677192000.0,1783677192291.569,291.569091796875,103.74609375,True,True,0,704,704,817,6536,169.72672900390626,27705.948424256578,-7.051125,110.3993,-7.051131,110.3993,1,DELIVERY,0.0,0,0,12.77
705,2026-07-10 16:53:12.499,1197,1783677192000.0,1783677192499.405,499.405029296875,207.8359375,True,True,0,705,705,820,6560,169.93456494140625,27710.666170968052,-7.051125,110.3993,-7.051131,110.3993,1,DELIVERY,0.0,0,0,12.77
706,2026-07-10 16:53:12.730,1198,1783677192000.0,1783677192730.445,730.445068359375,231.0400390625,True,True,0,706,706,818,6544,170.16560498046874,27711.499045540022,-7.051125,110.3993,-7.051131,110.3993,1,DELIVERY,0.0,0,0,12.77
707,2026-07-10 16:53:13.140,1200,1783677193000.0,1783677193140.233,140.23291015625,590.212158203125,True,True,0,707,707,818,6544,170.57539282226563,27683.289610948,-7.051125,110.3993,-7.051131,110.3993,1,DELIVERY,0.0,0,0,12.77
708,2026-07-10 16:53:13.357,1201,1783677193000.0,1783677193356.904,356.904052734375,216.671142578125,True,True,0,708,708,816,6528,170.79206396484375,27686.391804324994,-7.051125,110.3993,-7.051131,110.3993,1,DELIVERY,0.0,0,0,12.77
709,2026-07-10 16:53:13.550,1202,1783677193000.0,1783677193550.256,550.256103515625,193.35205078125,True,True,0,709,709,820,6560,170.985416015625,27693.449595533282,-7.051125,110.3993,-7.051131,110.3993,1,DELIVERY,0.0,0,0,12.77
710,2026-07-10 16:53:13.961,1203,1783677193000.0,1783677193960.479,960.47900390625,410.222900390625,True,True,0,710,710,820,6560,171.39563891601563,27665.441372889683,-7.051125,110.3993,-7.051131,110.3993,1,DELIVERY,0.0,0,0,12.77
711,2026-07-10 16:53:14.270,1205,1783677194000.0,1783677194270.176,270.176025390625,690.302978515625,True,True,0,711,711,819,6552,171.7053359375,27653.700882821468,-7.051125,110.3993,-7.051131,110.3993,1,DELIVERY,0.0,0,0,12.77
712,2026-07-10 16:53:14.377,1206,1783677194000.0,1783677194377.401,377.40087890625,107.224853515625,True,True,0,712,712,819,6552,171.8125607910156,27674.577330720043,-7.051125,110.3993,-7.051131,110.3993,1,DELIVERY,0.0,0,0,12.77
713,2026-07-10 16:53:14.676,1207,1783677194000.0,1783677194676.326,676.325927734375,298.925048828125,True,True,0,713,713,819,6552,172.11148583984374,27664.580180492172,-7.051125,110.3993,-7.051131,110.3993,1,DELIVERY,0.0,0,0,12.77
714,2026-07-10 16:53:14.984,1208,1783677194000.0,1783677194983.646,983.64599609375,307.320068359375,True,True,0,714,714,819,6552,172.41880590820313,27653.27120139368,-7.051125,110.3993,-7.051131,110.3993,1,DELIVERY,0.0,0,0,12.77
715,2026-07-10 16:53:15.208,1209,1783677195000.0,1783677195208.012,208.011962890625,775.634033203125,True,True,0,715,715,821,6568,172.643171875,27655.37697289831,-7.051125,110.3993,-7.051131,110.3993,1,DELIVERY,0.0,0,0,12.77
716,2026-07-10 16:53:15.221,1210,1783677195000.0,1783677195220.541,220.541015625,12.529052734375,True,True,0,716,716,821,6568,172.6557009277344,27691.411139682765,-7.051125,110.3993,-7.051131,110.3993,1,DELIVERY,0.0,0,0,12.78
717,2026-07-10 16:53:15.486,1211,1783677195000.0,1783677195486.622,486.6220703125,266.0810546875,True,True,0,717,717,821,6568,172.92178198242186,27686.783845927992,-7.051122,110.3993,-7.051131,110.3993,1,DELIVERY,0.0,0,0,12.78
718,2026-07-10 16:53:15.584,1212,1783677195000.0,1783677195583.988,583.988037109375,97.365966796875,True,True,0,718,718,819,6552,173.01914794921876,27709.071838725624,-7.051122,110.3993,-7.051131,110.3993,1,DELIVERY,0.0,0,0,12.78
719,2026-07-10 16:53:16.021,1214,1783677196000.0,1783677196020.718,20.718017578125,563.27001953125,True,True,0,719,719,818,6544,173.4558779296875,27677.032668480926,-7.051122,110.3993,-7.051131,110.3993,1,DELIVERY,0.0,0,0,12.78
720,2026-07-10 16:53:16.319,1215,1783677196000.0,1783677196318.633,318.633056640625,297.9150390625,True,True,0,720,720,815,6520,173.75379296875,27667.10250097733,-7.051122,110.3993,-7.051131,110.3993,1,DELIVERY,0.0,0,0,12.77
721,2026-07-10 16:53:16.529,1216,1783677196000.0,1783677196528.714,528.714111328125,210.0810546875,True,True,0,721,721,815,6520,173.9638740234375,27671.17039110923,-7.051122,110.3993,-7.051131,110.3993,1,DELIVERY,0.0,0,0,12.77
722,2026-07-10 16:53:16.616,1217,1783677196000.0,1783677196615.596,615.595947265625,86.8818359375,True,True,0,722,722,820,6560,174.050755859375,27695.047781893096,-7.051122,110.3993,-7.051131,110.3993,1,DELIVERY,0.0,0,0,12.77
723,2026-07-10 16:53:17.031,1219,1783677197000.0,1783677197031.07,31.070068359375,584.52587890625,True,True,0,723,723,815,6520,174.46622998046874,27666.465885921654,-7.051122,110.3993,-7.051131,110.3993,1,DELIVERY,0.0,0,0,12.77
724,2026-07-10 16:53:17.242,1220,1783677197000.0,1783677197241.926,241.926025390625,210.85595703125,True,True,0,724,724,815,6520,174.6770859375,27670.395198425736,-7.051122,110.3993,-7.051131,110.3993,1,DELIVERY,0.0,0,0,12.77
725,2026-07-10 16:53:17.441,1221,1783677197000.0,1783677197440.828,440.827880859375,198.90185546875,True,True,0,725,725,819,6552,174.87598779296874,27676.38977244765,-7.051122,110.3993,-7.051131,110.3993,1,DELIVERY,0.0,0,0,12.77
726,2026-07-10 16:53:17.645,1222,1783677197000.0,1783677197645.524,645.52392578125,204.696044921875,True,True,0,726,726,817,6536,175.08068383789063,27681.363207876253,-7.051122,110.3993,-7.051131,110.3993,1,DELIVERY,0.0,0,0,12.77
727,2026-07-10 16:53:18.160,1224,1783677198000.0,1783677198159.106,159.10595703125,486.41796875,True,True,0,727,727,818,6544,175.59426586914063,27637.66787018346,-7.051122,110.3993,-7.051131,110.3993,1,DELIVERY,0.0,0,0,12.77
728,2026-07-10 16:53:18.368,1225,1783677198000.0,1783677198368.17,368.169921875,209.06396484375,True,True,0,728,728,818,6544,175.80332983398438,27642.02478183438,-7.051122,110.3993,-7.051131,110.3993,1,DELIVERY,0.0,0,0,12.77
729,2026-07-10 16:53:18.774,1226,1783677198000.0,1783677198774.194,774.194091796875,406.024169921875,True,True,0,729,729,820,6560,176.20935400390624,27615.560067782368,-7.051122,110.3993,-7.051131,110.3993,1,DELIVERY,0.0,0,0,12.77
730,2026-07-10 16:53:18.880,1227,1783677198000.0,1783677198879.658,879.657958984375,105.4638671875,True,True,0,730,730,820,6560,176.31481787109374,27636.247814193845,-7.051122,110.3993,-7.051131,110.3993,1,DELIVERY,0.0,0,0,12.77
731,2026-07-10 16:53:19.182,1229,1783677199000.0,1783677199182.301,182.301025390625,697.35693359375,True,True,0,731,731,818,6544,176.6174609375,27625.943517139687,-7.051122,110.3993,-7.051131,110.3993,1,DELIVERY,0.0,0,0,12.77
732,2026-07-10 16:53:19.393,1230,1783677199000.0,1783677199392.896,392.89599609375,210.594970703125,True,True,0,732,732,818,6544,176.8280559082031,27630.04985213632,-7.051122,110.3993,-7.051131,110.3993,1,DELIVERY,0.0,0,0,12.77
733,2026-07-10 16:53:19.503,1231,1783677199000.0,1783677199502.647,502.64697265625,109.7509765625,True,True,0,733,733,818,6544,176.93780688476562,27649.89623267015,-7.051122,110.3993,-7.051131,110.3993,1,DELIVERY,0.0,0,0,12.77
734,2026-07-10 16:53:19.796,1232,1783677199000.0,1783677199796.142,796.14208984375,293.4951171875,True,True,0,734,734,816,6528,177.2313020019531,27640.941214470196,-7.051122,110.3993,-7.051131,110.3993,1,DELIVERY,0.0,0,0,12.77
735,2026-07-10 16:53:20.092,1233,1783677200000.0,1783677200092.336,92.3359375,703.80615234375,True,True,0,735,735,814,6512,177.52749584960938,27631.505624095094,-7.051122,110.3993,-7.051131,110.3993,1,DELIVERY,0.0,0,0,12.77
736,2026-07-10 16:53:20.411,1234,1783677200000.0,1783677200410.51,410.510009765625,318.174072265625,True,True,0,736,736,820,6560,177.845669921875,27618.95750488461,-7.051122,110.3993,-7.051131,110.3993,1,DELIVERY,0.0,0,0,12.77
737,2026-07-10 16:53:20.625,1235,1783677200000.0,1783677200624.538,624.5380859375,214.028076171875,True,True,0,737,737,820,6560,178.0596979980469,27622.601045037998,-7.051122,110.3993,-7.051131,110.3993,1,DELIVERY,0.0,0,0,12.77
738,2026-07-10 16:53:20.626,1236,1783677200000.0,1783677200625.74,625.739990234375,1.201904296875,True,True,0,738,738,820,6560,178.06089990234375,27659.255921435302,-7.051122,110.3993,-7.051131,110.3993,1,DELIVERY,0.0,0,0,12.77
739,2026-07-10 16:53:20.731,1237,1783677200000.0,1783677200731.046,731.0458984375,105.305908203125,True,True,0,739,739,816,6528,178.16620581054687,27679.54774343669,-7.051122,110.3993,-7.051131,110.3993,1,DELIVERY,0.0,0,0,12.77
740,2026-07-10 16:53:21.025,1238,1783677201000.0,1783677201024.738,24.738037109375,706.307861328125,True,True,0,740,740,818,6544,178.45989794921874,27670.6647081304,-7.051122,110.3993,-7.051131,110.3993,1,DELIVERY,0.0,0,0,12.77
741,2026-07-10 16:53:21.229,1239,1783677201000.0,1783677201229.124,229.1240234375,204.385986328125,True,True,0,741,741,819,6552,178.66428393554688,27675.682520764945,-7.051122,110.3993,-7.051131,110.3993,1,DELIVERY,0.0,0,0,12.77
742,2026-07-10 16:53:21.538,1240,1783677201000.0,1783677201537.932,537.931884765625,308.807861328125,True,True,0,742,742,818,6544,178.973091796875,27664.493864917695,-7.051122,110.3993,-7.051131,110.3993,1,DELIVERY,0.0,0,0,12.77
743,2026-07-10 16:53:21.747,1241,1783677201000.0,1783677201747.033,747.032958984375,209.10107421875,True,True,0,743,743,818,6544,179.18219287109375,27668.73158856066,-7.051122,110.3993,-7.051131,110.3993,1,DELIVERY,0.0,0,0,12.77
744,2026-07-10 16:53:21.847,1242,1783677201000.0,1783677201847.276,847.27587890625,100.242919921875,True,True,0,744,744,819,6552,179.28243579101562,27689.806745970014,-7.051122,110.3993,-7.051131,110.3993,1,DELIVERY,0.0,0,0,12.77
745,2026-07-10 16:53:22.357,1244,1783677202000.0,1783677202357.399,357.39892578125,489.876953125,True,True,0,745,745,817,6536,179.79255883789062,27647.595830047307,-7.051122,110.3993,-7.051131,110.3993,1,DELIVERY,0.0,0,0,12.77
746,2026-07-10 16:53:22.568,1245,1783677202000.0,1783677202568.156,568.156005859375,210.757080078125,True,True,0,746,746,817,6536,180.00331591796876,27651.535054322496,-7.051122,110.3993,-7.051131,110.3993,1,DELIVERY,0.0,0,0,12.77
747,2026-07-10 16:53:22.613,1246,1783677202000.0,1783677202612.938,612.93798828125,44.781982421875,True,True,0,747,747,821,6568,180.04809790039062,27681.136641372912,-7.051122,110.3993,-7.051131,110.3993,1,DELIVERY,0.0,0,0,12.77
748,2026-07-10 16:53:23.278,1249,1783677203000.0,1783677203277.615,277.614990234375,335.322998046875,True,True,0,748,748,818,6544,180.71277490234374,27615.53521989151,-7.051122,110.3993,-7.051131,110.3993,1,DELIVERY,0.0,0,0,12.77
749,2026-07-10 16:53:23.585,1250,1783677203000.0,1783677203585.245,585.2451171875,307.630126953125,True,True,0,749,749,818,6544,181.02040502929688,27604.755382086714,-7.051122,110.3993,-7.051131,110.3993,1,DELIVERY,0.0,0,0,12.77
750,2026-07-10 16:53:23.892,1251,1783677203000.0,1783677203891.876,891.8759765625,306.630859375,True,True,0,750,750,818,6544,181.32703588867187,27594.164187804883,-7.051122,110.3993,-7.051131,110.3993,1,DELIVERY,0.0,0,0,12.77
751,2026-07-10 16:53:24.001,1252,1783677204000.0,1783677204000.643,0.64306640625,891.23291015625,True,True,0,751,751,819,6552,181.43580297851562,27613.73399159406,-7.051122,110.3993,-7.051131,110.3993,1,DELIVERY,0.0,0,0,12.77
752,2026-07-10 16:53:24.018,1253,1783677204000.0,1783677204018.129,18.12890625,17.48583984375,True,True,0,752,752,819,6552,181.45328881835937,27647.18144636029,-7.051122,110.3993,-7.051131,110.3993,1,DELIVERY,0.0,0,0,12.77
753,2026-07-10 16:53:24.223,1254,1783677204000.0,1783677204222.15,222.14990234375,204.02099609375,True,True,0,753,753,820,6560,181.65730981445313,27652.24259420547,-7.051122,110.3993,-7.051131,110.3993,1,DELIVERY,0.0,0,0,12.77
754,2026-07-10 16:53:24.476,1255,1783677204000.0,1783677204476.11,476.110107421875,253.960205078125,True,True,0,754,754,816,6528,181.91127001953126,27649.523855558647,-7.051122,110.3993,-7.051131,110.3993,1,DELIVERY,0.0,0,0,12.77
755,2026-07-10 16:53:24.633,1256,1783677204000.0,1783677204632.823,632.822998046875,156.712890625,True,True,0,755,755,818,6544,182.06798291015625,27661.667468932348,-7.051122,110.3993,-7.051131,110.3993,1,DELIVERY,0.0,0,0,12.77
756,2026-07-10 16:53:25.121,1258,1783677205000.0,1783677205120.302,120.302001953125,512.52099609375,True,True,0,756,756,820,6560,182.5554619140625,27623.736628454946,-7.051122,110.3993,-7.051131,110.3993,1,DELIVERY,0.0,0,0,12.77
757,2026-07-10 16:53:25.326,1259,1783677205000.0,1783677205325.793,325.79296875,205.490966796875,True,True,0,757,757,817,6536,182.76095288085938,27628.439885032058,-7.051122,110.3993,-7.051131,110.3993,1,DELIVERY,0.0,0,0,12.77
758,2026-07-10 16:53:25.461,1260,1783677205000.0,1783677205460.919,460.9189453125,135.1259765625,True,True,0,758,758,815,6520,182.89607885742188,27643.676297409216,-7.051122,110.3993,-7.051131,110.3993,1,DELIVERY,0.0,0,0,12.77
759,2026-07-10 16:53:25.738,1261,1783677205000.0,1783677205737.643,737.64306640625,276.72412109375,True,True,0,759,759,816,6528,183.17280297851562,27637.552724428067,-7.051122,110.3993,-7.051131,110.3993,1,DELIVERY,0.0,0,0,12.77
760,2026-07-10 16:53:26.152,1263,1783677206000.0,1783677206151.509,151.509033203125,586.134033203125,True,True,0,760,760,824,6592,183.5866689453125,27611.155151521296,-7.051122,110.3993,-7.05113,110.3993,1,DELIVERY,0.001,0,0,12.77
761,2026-07-10 16:53:26.372,1264,1783677206000.0,1783677206371.221,371.220947265625,219.7119140625,True,True,0,761,761,824,6592,183.806380859375,27614.01413960281,-7.051122,110.3993,-7.05113,110.3993,1,DELIVERY,0.001,0,0,12.77
762,2026-07-10 16:53:26.762,1265,1783677206000.0,1783677206761.427,761.427001953125,390.2060546875,True,True,0,762,762,824,6592,184.1965869140625,27591.30386260158,-7.051122,110.3993,-7.05113,110.3993,1,DELIVERY,0.001,0,0,12.77
763,2026-07-10 16:53:26.868,1266,1783677206000.0,1783677206867.856,867.85595703125,106.428955078125,True,True,0,763,763,824,6592,184.30301586914064,27611.137972984532,-7.051122,110.3993,-7.05113,110.3993,1,DELIVERY,0.0,0,0,12.77
764,2026-07-10 16:53:27.174,1268,1783677207000.0,1783677207174.334,174.333984375,693.52197265625,True,True,0,764,764,816,6528,184.60949389648437,27600.660683556718,-7.051122,110.3993,-7.05113,110.3993,1,DELIVERY,0.0,0,0,12.77
765,2026-07-10 16:53:27.316,1269,1783677207000.0,1783677207315.598,315.597900390625,141.263916015625,True,True,0,765,765,823,6584,184.7507578125,27615.193899111626,-7.051121,110.3993,-7.05113,110.3993,1,DELIVERY,0.0,0,0,12.77
766,2026-07-10 16:53:27.524,1270,1783677207000.0,1783677207523.383,523.383056640625,207.78515625,True,True,0,766,766,821,6568,184.95854296875,27619.681243180614,-7.051121,110.3993,-7.05113,110.3993,1,DELIVERY,0.0,0,0,12.77
767,2026-07-10 16:53:27.785,1271,1783677207000.0,1783677207784.508,784.508056640625,261.125,True,True,0,767,767,820,6560,185.21966796875,27616.16007681757,-7.051121,110.3993,-7.05113,110.3993,1,DELIVERY,0.0,0,0,12.77
768,2026-07-10 16:53:28.093,1272,1783677208000.0,1783677208092.511,92.510986328125,691.9970703125,True,True,0,768,768,823,6584,185.5276708984375,27605.801200424245,-7.051121,110.3993,-7.05113,110.3993,1,DELIVERY,0.0,0,0,12.77
769,2026-07-10 16:53:28.358,1273,1783677208000.0,1783677208356.695,356.695068359375,264.18408203125,True,True,0,769,769,823,6584,185.79185498046874,27601.985030716776,-7.051121,110.3993,-7.05113,110.3993,1,DELIVERY,0.0,0,0,12.77
770,2026-07-10 16:53:28.403,1274,1783677208000.0,1783677208403.06,403.06005859375,46.364990234375,True,True,0,770,770,822,6576,185.83821997070314,27630.48419646662,-7.051121,110.3993,-7.05113,110.3993,1,DELIVERY,0.0,0,0,12.77
771,2026-07-10 16:53:28.710,1275,1783677208000.0,1783677208708.781,708.781005859375,305.720947265625,True,True,0,771,771,819,6552,186.14394091796876,27620.30273263489,-7.051121,110.3993,-7.05113,110.3993,1,DELIVERY,0.0,0,0,12.77
772,2026-07-10 16:53:29.000,1276,1783677208000.0,1783677209000.423,1000.423095703125,291.64208984375,True,True,0,772,772,818,6544,186.4355830078125,27612.196754223038,-7.051121,110.3993,-7.05113,110.3993,1,DELIVERY,0.0,0,0,12.77
773,2026-07-10 16:53:29.021,1277,1783677209000.0,1783677209020.557,20.556884765625,979.8662109375,True,True,0,773,773,819,6552,186.455716796875,27644.354855663983,-7.051134,110.3993,-7.05113,110.3993,1,DELIVERY,0.0,0,0,12.77
774,2026-07-10 16:53:29.327,1278,1783677209000.0,1783677209327.068,327.068115234375,306.51123046875,True,True,0,774,774,822,6576,186.76222802734375,27634.19592126721,-7.051134,110.3993,-7.05113,110.3993,1,DELIVERY,0.0,0,0,12.77
775,2026-07-10 16:53:29.427,1279,1783677209000.0,1783677209426.668,426.66796875,99.599853515625,True,True,0,775,775,825,6600,186.86182788085938,27654.786740579293,-7.051134,110.3993,-7.05113,110.3993,1,DELIVERY,0.0,0,0,12.77
776,2026-07-10 16:53:29.633,1280,1783677209000.0,1783677209632.914,632.9140625,206.24609375,True,True,0,776,776,823,6584,187.06807397460938,27659.492558320195,-7.051134,110.3993,-7.05113,110.3993,1,DELIVERY,0.0,0,0,12.77
777,2026-07-10 16:53:30.114,1281,1783677210000.0,1783677210113.086,113.0859375,519.828125,True,True,0,777,777,819,6552,187.54824584960937,27623.612135270687,-7.051134,110.3993,-7.05113,110.3993,1,DELIVERY,0.0,0,0,12.77
778,2026-07-10 16:53:30.150,1282,1783677210000.0,1783677210150.439,150.43896484375,37.35302734375,True,True,0,778,778,820,6560,187.58559887695313,27653.082278467577,-7.051134,110.3993,-7.05113,110.3993,1,DELIVERY,0.0,0,0,12.77
779,2026-07-10 16:53:30.202,1283,1783677210000.0,1783677210201.444,201.444091796875,51.005126953125,True,True,0,779,779,821,6568,187.63660400390626,27680.56919156282,-7.051134,110.3993,-7.05113,110.3993,1,DELIVERY,0.0,0,0,12.77
780,2026-07-10 16:53:30.448,1284,1783677210000.0,1783677210447.241,447.240966796875,245.796875,True,True,0,780,780,823,6584,187.88240087890625,27679.399324643517,-7.051126,110.3993,-7.05113,110.3993,1,DELIVERY,0.0,0,0,12.77
781,2026-07-10 16:53:30.758,1285,1783677210000.0,1783677210757.503,757.5029296875,310.261962890625,True,True,0,781,781,823,6584,188.19266284179687,27668.751381541813,-7.051126,110.3993,-7.05113,110.3993,1,DELIVERY,0.0,0,0,12.77
782,2026-07-10 16:53:31.022,1287,1783677211000.0,1783677211021.658,21.657958984375,735.844970703125,True,True,0,782,782,824,6592,188.45681787109376,27664.9476463419,-7.051126,110.3993,-7.05113,110.3993,1,DELIVERY,0.0,0,0,12.77
783,2026-07-10 16:53:31.266,1288,1783677211000.0,1783677211266.085,266.0849609375,244.427001953125,True,True,0,783,783,823,6584,188.70124487304687,27664.004037239032,-7.051126,110.3993,-7.05113,110.3993,1,DELIVERY,0.0,0,0,12.77
784,2026-07-10 16:53:31.475,1289,1783677211000.0,1783677211474.984,474.98388671875,208.89892578125,True,True,0,784,784,825,6600,188.91014379882813,27668.350120817726,-7.051124,110.3993,-7.05113,110.3993,1,DELIVERY,0.0,0,0,12.77
785,2026-07-10 16:53:31.684,1290,1783677211000.0,1783677211684.033,684.032958984375,209.049072265625,True,True,0,785,785,822,6576,189.11919287109376,27672.53772898218,-7.051124,110.3993,-7.05113,110.3993,1,DELIVERY,0.0,0,0,12.77
786,2026-07-10 16:53:32.293,1292,1783677212000.0,1783677212292.717,292.717041015625,391.31591796875,True,True,0,786,786,822,6576,189.727876953125,27618.418991188173,-7.051124,110.3993,-7.05113,110.3993,1,DELIVERY,0.0,0,0,12.77
787,2026-07-10 16:53:32.300,1293,1783677212000.0,1783677212300.484,300.48388671875,7.766845703125,True,True,0,787,787,821,6568,189.73564379882814,27651.905013497544,-7.051124,110.3993,-7.05113,110.3993,1,DELIVERY,0.0,0,0,12.77
788,2026-07-10 16:53:32.473,1294,1783677212000.0,1783677212472.931,472.930908203125,172.447021484375,True,True,0,788,788,823,6584,189.9080908203125,27661.464960807905,-7.051118,110.3993,-7.05113,110.3993,1,DELIVERY,0.0,0,0,12.77
789,2026-07-10 16:53:32.911,1295,1783677212000.0,1783677212908.899,908.89892578125,435.968017578125,True,True,0,789,789,826,6608,190.34405883789063,27632.82464455347,-7.051118,110.3993,-7.05113,110.3993,1,DELIVERY,0.0,0,0,12.77
790,2026-07-10 16:53:33.015,1296,1783677213000.0,1783677213014.948,14.947998046875,893.950927734375,True,True,0,790,790,826,6608,190.45010791015625,27652.13450277682,-7.051118,110.3993,-7.05113,110.3993,1,DELIVERY,0.0,0,0,12.77
791,2026-07-10 16:53:33.116,1297,1783677213000.0,1783677213116.218,116.218017578125,101.27001953125,True,True,0,791,791,824,6592,190.5513779296875,27672.03290414247,-7.051118,110.3993,-7.05113,110.3993,1,DELIVERY,0.0,0,0,12.77
792,2026-07-10 16:53:33.314,1298,1783677213000.0,1783677213313.828,313.827880859375,197.60986328125,True,True,0,792,792,825,6600,190.74898779296876,27677.966006981926,-7.051118,110.3993,-7.05113,110.3993,1,DELIVERY,0.0,0,0,12.77
793,2026-07-10 16:53:33.519,1299,1783677213000.0,1783677213518.965,518.965087890625,205.13720703125,True,True,0,793,793,823,6584,190.954125,27682.711750793547,-7.051118,110.3993,-7.05113,110.3993,1,DELIVERY,0.0,0,0,12.77
794,2026-07-10 16:53:33.724,1300,1783677213000.0,1783677213723.673,723.673095703125,204.7080078125,True,True,0,794,794,820,6560,191.1588330078125,27687.383924255766,-7.051118,110.3993,-7.05113,110.3993,1,DELIVERY,0.0,0,0,12.77
795,2026-07-10 16:53:34.235,1302,1783677214000.0,1783677214234.643,234.64306640625,489.030029296875,True,True,0,795,795,824,6592,191.66980297851563,27647.964977529606,-7.051116,110.3993,-7.051129,110.3993,1,DELIVERY,0.0,0,0,12.77
796,2026-07-10 16:53:34.440,1303,1783677214000.0,1783677214439.577,439.576904296875,204.933837890625,True,True,0,796,796,824,6592,191.87473681640626,27652.79102416114,-7.051116,110.3993,-7.051129,110.3993,1,DELIVERY,0.0,0,0,12.77
797,2026-07-10 16:53:34.545,1304,1783677214000.0,1783677214545.2,545.199951171875,105.623046875,True,True,0,797,797,824,6592,191.98035986328125,27671.91395923661,-7.051115,110.3993,-7.051129,110.3993,1,DELIVERY,0.0,0,0,12.77
798,2026-07-10 16:53:34.750,1305,1783677214000.0,1783677214750.251,750.2509765625,205.051025390625,True,True,0,798,798,827,6616,192.18541088867187,27676.81467289527,-7.051115,110.3993,-7.051129,110.3993,1,DELIVERY,0.0,0,0,12.77
799,2026-07-10 16:53:35.258,1307,1783677215000.0,1783677215258.225,258.22509765625,492.02587890625,True,True,0,799,799,826,6608,192.69338500976562,27638.146476746446,-7.051115,110.3993,-7.051129,110.3993,1,DELIVERY,0.0,0,0,12.77
800,2026-07-10 16:53:35.365,1308,1783677215000.0,1783677215365.503,365.5029296875,107.27783203125,True,True,0,800,800,826,6608,192.80066284179688,27657.04184521103,-7.051115,110.3993,-7.051129,110.3993,1,DELIVERY,0.0,0,0,12.77
801,2026-07-10 16:53:35.567,1309,1783677215000.0,1783677215567.379,567.37890625,201.8759765625,True,True,0,801,801,830,6640,193.00253881835937,27662.51694245658,-7.051115,110.3993,-7.051129,110.3993,1,DELIVERY,0.001,0,0,12.77
802,2026-07-10 16:53:35.875,1310,1783677215000.0,1783677215874.693,874.693115234375,307.314208984375,True,True,0,802,802,831,6648,193.30985302734376,27652.930858334803,-7.051115,110.3993,-7.051129,110.3993,1,DELIVERY,0.001,0,0,12.77
803,2026-07-10 16:53:36.455,1312,1783677216000.0,1783677216454.967,454.967041015625,419.72607421875,True,True,0,803,803,834,6672,193.890126953125,27604.582472082064,-7.051115,110.3993,-7.051129,110.3993,1,DELIVERY,0.0,0,0,12.78
804,2026-07-10 16:53:36.460,1313,1783677216000.0,1783677216460.213,460.212890625,5.245849609375,True,True,0,804,804,826,6608,193.89537280273439,27637.915864304872,-7.051115,110.3993,-7.051129,110.3993,1,DELIVERY,0.0,0,0,12.78
805,2026-07-10 16:53:36.794,1314,1783677216000.0,1783677216794.187,794.18701171875,333.97412109375,True,True,0,805,805,826,6608,194.22934692382813,27624.414564418028,-7.051115,110.3993,-7.051129,110.3993,1,DELIVERY,0.0,0,0,12.78
806,2026-07-10 16:53:37.106,1315,1783677217000.0,1783677217105.84,105.840087890625,688.346923828125,True,True,0,806,806,826,6608,194.541,27614.12761320236,-7.051115,110.3993,-7.051129,110.3993,1,DELIVERY,0.0,0,0,12.78
807,2026-07-10 16:53:37.313,1316,1783677217000.0,1783677217313.122,313.1220703125,207.281982421875,True,True,0,807,807,826,6608,194.74828198242187,27618.66726241767,-7.051115,110.3993,-7.051129,110.3993,1,DELIVERY,0.0,0,0,12.78
808,2026-07-10 16:53:37.315,1317,1783677217000.0,1783677217314.379,314.37890625,1.2568359375,True,True,0,808,808,825,6600,194.74953881835938,27652.378704849183,-7.051115,110.3993,-7.051129,110.3993,1,DELIVERY,0.0,0,0,12.77
809,2026-07-10 16:53:37.421,1318,1783677217000.0,1783677217421.297,421.297119140625,106.918212890625,True,True,0,809,809,827,6616,194.85645703125,27671.15897593928,-7.051115,110.3993,-7.051129,110.3993,1,DELIVERY,0.0,0,0,12.77
810,2026-07-10 16:53:37.716,1319,1783677217000.0,1783677217715.758,715.758056640625,294.4609375,True,True,0,810,810,823,6584,195.15091796875,27663.144279262233,-7.051122,110.3993,-7.051129,110.3993,1,DELIVERY,0.0,0,0,12.77
811,2026-07-10 16:53:38.125,1321,1783677218000.0,1783677218125.624,125.6240234375,590.134033203125,True,True,0,811,811,823,6584,195.56078393554688,27638.833774471925,-7.051122,110.3993,-7.051129,110.3993,1,DELIVERY,0.0,0,0,12.77
812,2026-07-10 16:53:38.242,1322,1783677218000.0,1783677218242.227,242.22705078125,116.60302734375,True,True,0,812,812,823,6584,195.67738696289064,27656.011172237788,-7.051122,110.3993,-7.051129,110.3993,1,DELIVERY,0.0,0,0,12.78
813,2026-07-10 16:53:38.557,1323,1783677218000.0,1783677218556.627,556.626953125,314.39990234375,True,True,0,813,813,821,6568,195.9917868652344,27645.158435774745,-7.051122,110.3993,-7.051129,110.3993,1,DELIVERY,0.0,0,0,12.78
814,2026-07-10 16:53:38.662,1324,1783677218000.0,1783677218661.508,661.508056640625,104.881103515625,True,True,0,814,814,826,6608,196.09666796875,27664.07025775931,-7.051122,110.3993,-7.051129,110.3993,1,DELIVERY,0.0,0,0,12.78
815,2026-07-10 16:53:39.255,1325,1783677219000.0,1783677219255.377,255.376953125,406.131103515625,True,True,0,815,815,823,6584,196.69053686523438,27614.017870729695,-7.051122,110.3993,-7.051129,110.3993,1,DELIVERY,0.0,0,0,12.78
816,2026-07-10 16:53:39.281,1326,1783677219000.0,1783677219281.397,281.39697265625,26.02001953125,True,True,0,816,816,823,6584,196.71655688476562,27643.834795184626,-7.051122,110.3993,-7.051129,110.3993,1,DELIVERY,0.0,0,0,12.78
817,2026-07-10 16:53:39.289,1327,1783677219000.0,1783677219289.133,289.133056640625,7.736083984375,True,True,0,817,817,823,6584,196.72429296875,27676.215874695667,-7.051122,110.3993,-7.051129,110.3993,1,DELIVERY,0.0,0,0,12.77
818,2026-07-10 16:53:39.487,1328,1783677219000.0,1783677219485.838,485.837890625,196.704833984375,True,True,0,818,818,822,6576,196.92099780273438,27681.964142090626,-7.051123,110.3993,-7.051128,110.3993,1,DELIVERY,0.0,0,0,12.77
819,2026-07-10 16:53:39.736,1329,1783677219000.0,1783677219735.646,735.64599609375,249.80810546875,True,True,0,819,819,821,6568,197.17080590820314,27680.20333872833,-7.051123,110.3993,-7.051128,110.3993,1,DELIVERY,0.0,0,0,12.77
820,2026-07-10 16:53:40.392,1331,1783677220000.0,1783677220391.866,391.865966796875,343.780029296875,True,True,0,820,820,821,6568,197.82702587890626,27621.584946360166,-7.051123,110.3993,-7.051128,110.3993,1,DELIVERY,0.0,0,0,12.77
821,2026-07-10 16:53:40.486,1332,1783677220000.0,1783677220485.751,485.7509765625,93.885009765625,True,True,0,821,821,821,6568,197.92091088867187,27641.667449061486,-7.051123,110.3993,-7.051128,110.3993,1,DELIVERY,0.0,0,0,12.77
822,2026-07-10 16:53:40.512,1333,1783677220000.0,1783677220512.115,512.114990234375,26.364013671875,True,True,0,822,822,823,6584,197.94727490234374,27671.247319278686,-7.05113,110.3993,-7.051129,110.3993,1,DELIVERY,0.0,0,0,12.77
823,2026-07-10 16:53:40.789,1334,1783677220000.0,1783677220788.254,788.25390625,276.138916015625,True,True,0,823,823,823,6584,198.22341381835938,27665.91440618238,-7.05113,110.3993,-7.051129,110.3993,1,DELIVERY,0.0,0,0,12.77
824,2026-07-10 16:53:41.107,1335,1783677221000.0,1783677221106.571,106.571044921875,681.682861328125,True,True,0,824,824,824,6592,198.54173095703126,27654.760404946253,-7.05113,110.3993,-7.051129,110.3993,1,DELIVERY,0.0,0,0,12.77
825,2026-07-10 16:53:41.129,1336,1783677221000.0,1783677221128.708,128.7080078125,22.136962890625,True,True,0,825,825,824,6592,198.56386791992188,27684.875690560948,-7.05113,110.3993,-7.051129,110.3993,1,DELIVERY,0.0,0,0,12.77
826,2026-07-10 16:53:41.405,1337,1783677221000.0,1783677221404.686,404.68603515625,275.97802734375,True,True,0,826,826,822,6576,198.83984594726562,27679.52255132838,-7.05113,110.3993,-7.051129,110.3993,1,DELIVERY,0.0,0,0,12.77
827,2026-07-10 16:53:41.711,1338,1783677221000.0,1783677221710.747,710.7470703125,306.06103515625,True,True,0,827,827,821,6568,199.14590698242188,27669.96361359506,-7.051129,110.3993,-7.051129,110.3993,1,DELIVERY,0.0,0,0,12.77
828,2026-07-10 16:53:42.018,1339,1783677221000.0,1783677222018.097,1018.096923828125,307.349853515625,True,True,0,828,828,822,6576,199.4532568359375,27660.295387094215,-7.05113,110.3993,-7.051129,110.3993,1,DELIVERY,0.0,0,0,12.77
829,2026-07-10 16:53:42.126,1340,1783677222000.0,1783677222125.637,125.636962890625,892.4599609375,True,True,0,829,829,819,6552,199.560796875,27678.221807561622,-7.05113,110.3993,-7.051129,110.3993,1,DELIVERY,0.0,0,0,12.77
830,2026-07-10 16:53:42.157,1341,1783677222000.0,1783677222156.526,156.52587890625,30.888916015625,True,True,0,830,830,822,6576,199.59168579101564,27706.885575335567,-7.05113,110.3993,-7.051129,110.3993,1,DELIVERY,0.0,0,0,12.77
831,2026-07-10 16:53:42.529,1342,1783677222000.0,1783677222528.941,528.94091796875,372.4150390625,True,True,0,831,831,819,6552,199.96410083007814,27688.049890039038,-7.05113,110.3993,-7.051129,110.3993,1,DELIVERY,0.0,0,0,12.77
832,2026-07-10 16:53:42.638,1343,1783677222000.0,1783677222638.02,638.02001953125,109.0791015625,True,True,0,832,832,819,6552,200.07317993164062,27705.70249292756,-7.05113,110.3993,-7.051129,110.3993,1,DELIVERY,0.0,0,0,12.77
833,2026-07-10 16:53:42.784,1344,1783677222000.0,1783677222783.609,783.60888671875,145.5888671875,True,True,0,833,833,822,6576,200.21876879882814,27718.400394201617,-7.05113,110.3993,-7.051129,110.3993,1,DELIVERY,0.0,0,0,12.77
834,2026-07-10 16:53:43.196,1345,1783677223000.0,1783677223196.225,196.22509765625,587.3837890625,True,True,0,834,834,820,6560,200.63138500976564,27694.091827804255,-7.05113,110.3993,-7.051129,110.3993,1,DELIVERY,0.0,0,0,12.77
835,2026-07-10 16:53:43.263,1346,1783677223000.0,1783677223263.166,263.166015625,66.94091796875,True,True,0,835,835,820,6560,200.69832592773437,27717.540613682177,-7.05113,110.3993,-7.051129,110.3993,1,DELIVERY,0.0,0,0,12.77
836,2026-07-10 16:53:43.402,1347,1783677223000.0,1783677223401.96,401.9599609375,138.7939453125,True,True,0,836,836,818,6544,200.83711987304687,27730.96927261521,-7.05113,110.3993,-7.051129,110.3993,1,DELIVERY,0.0,0,0,12.78
837,2026-07-10 16:53:43.657,1348,1783677223000.0,1783677223656.729,656.72900390625,254.76904296875,True,True,0,837,837,822,6576,201.09188891601562,27728.53758576391,-7.05113,110.3993,-7.051129,110.3993,1,DELIVERY,0.0,0,0,12.78
838,2026-07-10 16:53:44.066,1350,1783677224000.0,1783677224066.062,66.06201171875,590.6669921875,True,True,0,838,838,818,6544,201.50122192382813,27704.6855929753,-7.05113,110.3993,-7.051129,110.3993,1,DELIVERY,0.0,0,0,12.78
839,2026-07-10 16:53:44.271,1351,1783677224000.0,1783677224270.915,270.9150390625,204.85302734375,True,True,0,839,839,818,6544,201.70607495117187,27708.991914859173,-7.05113,110.3993,-7.051129,110.3993,1,DELIVERY,0.0,0,0,12.78
840,2026-07-10 16:53:44.475,1352,1783677224000.0,1783677224475.137,475.136962890625,204.221923828125,True,True,0,840,840,818,6544,201.910296875,27713.376121001755,-7.05113,110.3993,-7.051129,110.3993,1,DELIVERY,0.0,0,0,12.77
841,2026-07-10 16:53:44.682,1353,1783677224000.0,1783677224679.825,679.824951171875,204.68798828125,True,True,0,841,841,822,6576,202.11498486328125,27717.845877630247,-7.051139,110.3993,-7.051129,110.3993,1,DELIVERY,0.0,0,0,12.77
842,2026-07-10 16:53:45.037,1355,1783677225000.0,1783677225037.004,37.00390625,642.821044921875,True,True,0,842,842,825,6600,202.47216381835938,27701.546198872682,-7.051139,110.3993,-7.051129,110.3993,1,DELIVERY,0.0,0,0,12.77
843,2026-07-10 16:53:45.306,1356,1783677225000.0,1783677225306.355,306.35498046875,269.35107421875,True,True,0,843,843,825,6600,202.74151489257812,27697.297235720547,-7.051139,110.3993,-7.051129,110.3993,1,DELIVERY,0.0,0,0,12.77
844,2026-07-10 16:53:45.450,1357,1783677225000.0,1783677225449.71,449.7099609375,143.35498046875,True,True,0,844,844,825,6600,202.88486987304688,27710.25756389771,-7.051139,110.3993,-7.051129,110.3993,1,DELIVERY,0.0,0,0,12.77
845,2026-07-10 16:53:45.807,1358,1783677225000.0,1783677225806.738,806.738037109375,357.028076171875,True,True,0,845,845,821,6568,203.24189794921875,27693.89607553424,-7.051139,110.3993,-7.051129,110.3993,1,DELIVERY,0.0,0,0,12.77
846,2026-07-10 16:53:46.422,1360,1783677226000.0,1783677226421.823,421.822998046875,384.9150390625,True,True,0,846,846,819,6552,203.85698291015626,27642.477189429923,-7.051139,110.3993,-7.051129,110.3993,1,DELIVERY,0.0,0,0,12.77
847,2026-07-10 16:53:46.480,1361,1783677226000.0,1783677226480.383,480.383056640625,58.56005859375,True,True,0,847,847,819,6552,203.91554296875,27666.669827442154,-7.051139,110.3993,-7.051129,110.3993,1,DELIVERY,0.0,0,0,12.77
848,2026-07-10 16:53:46.486,1362,1783677226000.0,1783677226486.61,486.610107421875,6.22705078125,True,True,0,848,848,819,6552,203.92177001953124,27697.95495330893,-7.051139,110.3993,-7.051129,110.3993,1,DELIVERY,0.0,0,0,12.77
849,2026-07-10 16:53:46.727,1363,1783677226000.0,1783677226727.014,727.013916015625,240.40380859375,True,True,0,849,849,822,6576,204.162173828125,27697.54991323964,-7.05114,110.3993,-7.051129,110.3993,1,DELIVERY,0.0,0,0,12.77
850,2026-07-10 16:53:47.012,1364,1783677227000.0,1783677227011.703,11.702880859375,715.31103515625,True,True,0,850,850,821,6568,204.44686279296874,27691.107227861572,-7.05114,110.3993,-7.051129,110.3993,1,DELIVERY,0.0,0,0,12.77
851,2026-07-10 16:53:47.092,1365,1783677227000.0,1783677227092.454,92.4541015625,80.751220703125,True,True,0,851,851,823,6584,204.52761401367187,27712.365527430054,-7.051141,110.3993,-7.05113,110.3993,1,DELIVERY,0.0,0,0,12.77
852,2026-07-10 16:53:47.345,1366,1783677227000.0,1783677227344.695,344.695068359375,252.240966796875,True,True,0,852,852,821,6568,204.77985498046874,27710.303831112768,-7.051141,110.3993,-7.05113,110.3993,1,DELIVERY,0.0,0,0,12.77
853,2026-07-10 16:53:47.500,1367,1783677227000.0,1783677227499.789,499.7890625,155.093994140625,True,True,0,853,853,827,6616,204.93494897460937,27721.61619296994,-7.051141,110.3993,-7.05113,110.3993,1,DELIVERY,0.0,0,0,12.77
854,2026-07-10 16:53:47.755,1368,1783677227000.0,1783677227754.738,754.738037109375,254.948974609375,True,True,0,854,854,821,6568,205.18989794921876,27719.181386832282,-7.051141,110.3993,-7.05113,110.3993,1,DELIVERY,0.0,0,0,12.77
855,2026-07-10 16:53:48.060,1369,1783677228000.0,1783677228060.265,60.264892578125,694.47314453125,True,True,0,855,855,821,6568,205.4954248046875,27709.930794868527,-7.051141,110.3993,-7.05113,110.3993,1,DELIVERY,0.0,0,0,12.77
856,2026-07-10 16:53:48.266,1370,1783677228000.0,1783677228265.534,265.533935546875,205.26904296875,True,True,0,856,856,824,6592,205.70069384765625,27714.325573554477,-7.051142,110.3993,-7.05113,110.3993,1,DELIVERY,0.0,0,0,12.77
857,2026-07-10 16:53:48.573,1371,1783677228000.0,1783677228572.289,572.2890625,306.755126953125,True,True,0,857,857,820,6560,206.0074489746094,27704.90110143272,-7.051142,110.3993,-7.05113,110.3993,1,DELIVERY,0.0,0,0,12.77
858,2026-07-10 16:53:48.584,1372,1783677228000.0,1783677228583.565,583.56494140625,11.27587890625,True,True,0,858,858,820,6560,206.01872485351564,27735.226514302412,-7.051142,110.3993,-7.05113,110.3993,1,DELIVERY,0.0,0,0,12.77
859,2026-07-10 16:53:48.757,1373,1783677228000.0,1783677228755.813,755.81298828125,172.248046875,True,True,0,859,859,820,6560,206.19097290039062,27743.872195430933,-7.051142,110.3993,-7.05113,110.3993,1,DELIVERY,0.0,0,0,12.77
860,2026-07-10 16:53:49.017,1374,1783677229000.0,1783677229016.147,16.14697265625,739.666015625,True,True,0,860,860,820,6560,206.45130688476561,27740.66236934348,-7.051142,110.3993,-7.05113,110.3993,1,DELIVERY,0.0,0,0,12.77
861,2026-07-10 16:53:49.394,1375,1783677229000.0,1783677229393.995,393.9951171875,377.84814453125,True,True,0,861,861,824,6592,206.82915502929689,27721.855747019014,-7.051144,110.3993,-7.05113,110.3993,1,DELIVERY,0.0,0,0,12.77
862,2026-07-10 16:53:49.404,1376,1783677229000.0,1783677229403.547,403.547119140625,9.552001953125,True,True,0,862,862,824,6592,206.83870703125,27752.445769895166,-7.051144,110.3993,-7.05113,110.3993,1,DELIVERY,0.0,0,0,12.77
863,2026-07-10 16:53:49.552,1377,1783677229000.0,1783677229551.828,551.827880859375,148.28076171875,True,True,0,863,863,824,6592,206.98698779296876,27764.41196268869,-7.051144,110.3993,-7.05113,110.3993,1,DELIVERY,0.0,0,0,12.77
864,2026-07-10 16:53:49.749,1378,1783677229000.0,1783677229748.33,748.330078125,196.502197265625,True,True,0,864,864,828,6624,207.18348999023436,27770.050597521993,-7.051144,110.3993,-7.05113,110.3993,1,DELIVERY,0.0,0,0,12.77
865,2026-07-10 16:53:50.005,1379,1783677230000.0,1783677230004.621,4.62109375,743.708984375,True,True,0,865,865,823,6584,207.43978100585937,27767.480143248416,-7.051144,110.3993,-7.05113,110.3993,1,DELIVERY,0.0,0,0,12.77
866,2026-07-10 16:53:50.312,1380,1783677230000.0,1783677230312.104,312.10400390625,307.48291015625,True,True,0,866,866,825,6600,207.7472639160156,27758.151377296846,-7.051143,110.3993,-7.051131,110.3993,1,DELIVERY,0.0,0,0,12.77
867,2026-07-10 16:53:50.620,1381,1783677230000.0,1783677230619.681,619.680908203125,307.576904296875,True,True,0,867,867,825,6600,208.0548408203125,27748.837648945257,-7.051143,110.3993,-7.051131,110.3993,1,DELIVERY,0.0,0,0,12.77
868,2026-07-10 16:53:50.823,1382,1783677230000.0,1783677230823.454,823.4541015625,203.773193359375,True,True,0,868,868,825,6600,208.2586140136719,27753.37782484502,-7.051143,110.3993,-7.051131,110.3993,1,DELIVERY,0.0,0,0,12.77
869,2026-07-10 16:53:50.932,1383,1783677230000.0,1783677230931.936,931.93603515625,108.48193359375,True,True,0,869,869,821,6568,208.36709594726562,27770.449905701316,-7.051143,110.3993,-7.051131,110.3993,1,DELIVERY,0.0,0,0,12.77
870,2026-07-10 16:53:51.233,1385,1783677231000.0,1783677231233.446,233.446044921875,698.489990234375,True,True,0,870,870,823,6584,208.66860595703125,27761.876174094406,-7.051142,110.3993,-7.051131,110.3993,1,DELIVERY,0.0,0,0,12.77
871,2026-07-10 16:53:51.642,1386,1783677231000.0,1783677231642.452,642.451904296875,409.005859375,True,True,0,871,871,823,6584,209.07761181640626,27739.057996763026,-7.051142,110.3993,-7.051131,110.3993,1,DELIVERY,0.0,0,0,12.77
872,2026-07-10 16:53:51.849,1387,1783677231000.0,1783677231848.817,848.81689453125,206.364990234375,True,True,0,872,872,828,6624,209.28397680664062,27743.356603761586,-7.051142,110.3993,-7.051131,110.3993,1,DELIVERY,0.0,0,0,12.77
873,2026-07-10 16:53:52.018,1389,1783677232000.0,1783677232018.417,18.4169921875,830.39990234375,True,True,0,873,873,824,6592,209.45357690429688,27752.364442341262,-7.051143,110.3993,-7.051131,110.3993,1,DELIVERY,0.0,0,0,12.77
874,2026-07-10 16:53:52.262,1390,1783677232000.0,1783677232262.25,262.25,243.8330078125,True,True,0,874,874,826,6608,209.69740991210938,27751.606481163053,-7.051143,110.3993,-7.051131,110.3993,1,DELIVERY,0.0,0,0,12.77
875,2026-07-10 16:53:52.462,1391,1783677232000.0,1783677232462.061,462.06103515625,199.81103515625,True,True,0,875,875,824,6592,209.89722094726562,27756.594268886136,-7.051143,110.3993,-7.051131,110.3993,1,DELIVERY,0.0,0,0,12.77
876,2026-07-10 16:53:52.667,1392,1783677232000.0,1783677232666.796,666.7958984375,204.73486328125,True,True,0,876,876,823,6584,210.10195581054688,27760.883888484055,-7.051143,110.3993,-7.051131,110.3993,1,DELIVERY,0.0,0,0,12.77
877,2026-07-10 16:53:53.080,1393,1783677233000.0,1783677233079.59,79.590087890625,587.205810546875,True,True,0,877,877,823,6584,210.51475,27737.723841203526,-7.051143,110.3993,-7.051131,110.3993,1,DELIVERY,0.0,0,0,12.77
878,2026-07-10 16:53:53.217,1394,1783677233000.0,1783677233216.881,216.881103515625,137.291015625,True,True,0,878,878,823,6584,210.652041015625,27750.901305373027,-7.051143,110.3993,-7.051131,110.3993,1,DELIVERY,0.0,0,0,12.77
879,2026-07-10 16:53:53.246,1395,1783677233000.0,1783677233246.696,246.696044921875,29.81494140625,True,True,0,879,879,825,6600,210.68185595703125,27778.30095247309,-7.051143,110.3993,-7.051131,110.3993,1,DELIVERY,0.0,0,0,12.77
880,2026-07-10 16:53:53.452,1396,1783677233000.0,1783677233452.428,452.427978515625,205.73193359375,True,True,0,880,880,823,6584,210.887587890625,27782.4221833231,-7.051143,110.3993,-7.051131,110.3993,1,DELIVERY,0.0,0,0,12.77
881,2026-07-10 16:53:53.659,1397,1783677233000.0,1783677233659.059,659.05908203125,206.631103515625,True,True,0,881,881,822,6576,211.09421899414062,27786.37912468276,-7.051143,110.3993,-7.051131,110.3993,1,DELIVERY,0.0,0,0,12.77
882,2026-07-10 16:53:54.076,1399,1783677234000.0,1783677234075.413,75.4130859375,583.64599609375,True,True,0,882,882,821,6568,211.51057299804688,27762.73505747736,-7.051145,110.3993,-7.051132,110.3993,1,DELIVERY,0.0,0,0,12.78
883,2026-07-10 16:53:54.282,1400,1783677234000.0,1783677234281.951,281.950927734375,206.537841796875,True,True,0,883,883,818,6544,211.71711083984374,27766.56065577519,-7.051144,110.3993,-7.051132,110.3993,1,DELIVERY,0.0,0,0,12.78
884,2026-07-10 16:53:54.512,1401,1783677234000.0,1783677234511.685,511.68505859375,229.734130859375,True,True,0,884,884,818,6544,211.94684497070313,27767.33949879507,-7.051144,110.3993,-7.051132,110.3993,1,DELIVERY,0.0,0,0,12.78
885,2026-07-10 16:53:54.821,1402,1783677234000.0,1783677234820.605,820.60498046875,308.919921875,True,True,0,885,885,823,6584,212.25576489257813,27757.945716959963,-7.051144,110.3993,-7.051132,110.3993,1,DELIVERY,0.0,0,0,12.78
886,2026-07-10 16:53:55.126,1403,1783677235000.0,1783677235126.335,126.3349609375,694.27001953125,True,True,0,886,886,823,6584,212.56149487304688,27748.995666043946,-7.051144,110.3993,-7.051132,110.3993,1,DELIVERY,0.0,0,0,12.77
887,2026-07-10 16:53:55.132,1404,1783677235000.0,1783677235131.99,131.989990234375,5.655029296875,True,True,0,887,887,826,6608,212.56714990234374,27779.34409297404,-7.051143,110.3993,-7.051132,110.3993,1,DELIVERY,0.0,0,0,12.77
888,2026-07-10 16:53:55.329,1405,1783677235000.0,1783677235329.392,329.39208984375,197.402099609375,True,True,0,888,888,826,6608,212.76455200195312,27784.62833388587,-7.051143,110.3993,-7.051132,110.3993,1,DELIVERY,0.0,0,0,12.77
889,2026-07-10 16:53:55.519,1406,1783677235000.0,1783677235519.385,519.385009765625,189.992919921875,True,True,0,889,889,824,6592,212.954544921875,27790.794519887593,-7.051143,110.3993,-7.051132,110.3993,1,DELIVERY,0.0,0,0,12.77
890,2026-07-10 16:53:55.744,1407,1783677235000.0,1783677235743.75,743.75,224.364990234375,True,True,0,890,890,823,6584,213.17890991210936,27792.430322693246,-7.051143,110.3993,-7.051132,110.3993,1,DELIVERY,0.0,0,0,12.77
891,2026-07-10 16:53:56.150,1409,1783677236000.0,1783677236149.961,149.9609375,593.7890625,True,True,0,891,891,821,6568,213.58512084960938,27770.32396454431,-7.051142,110.3993,-7.051133,110.3993,1,DELIVERY,0.0,0,0,12.77
892,2026-07-10 16:53:56.870,1410,1783677236000.0,1783677236869.767,869.76708984375,719.80615234375,True,True,0,892,892,821,6568,214.30492700195313,27707.697079432444,-7.051142,110.3993,-7.051133,110.3993,1,DELIVERY,0.0,0,0,12.77
893,2026-07-10 16:53:56.871,1411,1783677236000.0,1783677236871.34,871.340087890625,1.572998046875,True,True,0,893,893,821,6568,214.3065,27738.141400284174,-7.051142,110.3993,-7.051133,110.3993,1,DELIVERY,0.0,0,0,12.77
894,2026-07-10 16:53:56.978,1412,1783677236000.0,1783677236977.883,977.883056640625,106.54296875,True,True,0,894,894,821,6568,214.41304296875,27754.99063677457,-7.051142,110.3993,-7.051133,110.3993,1,DELIVERY,0.0,0,0,12.77
895,2026-07-10 16:53:57.418,1414,1783677237000.0,1783677237418.134,418.134033203125,559.7490234375,True,True,0,895,895,822,6576,214.8532939453125,27728.72545075532,-7.051142,110.3993,-7.051133,110.3993,1,DELIVERY,0.0,0,0,12.77
896,2026-07-10 16:53:57.496,1415,1783677237000.0,1783677237495.656,495.656005859375,77.52197265625,True,True,0,896,896,822,6576,214.93081591796874,27749.320052254916,-7.051142,110.3993,-7.051133,110.3993,1,DELIVERY,0.0,0,0,12.77
897,2026-07-10 16:53:57.577,1416,1783677237000.0,1783677237577.003,577.0029296875,81.346923828125,True,True,0,897,897,824,6592,215.01216284179688,27769.480205606873,-7.051142,110.3993,-7.051133,110.3993,1,DELIVERY,0.0,0,0,12.77
898,2026-07-10 16:53:58.198,1418,1783677238000.0,1783677238197.82,197.820068359375,379.182861328125,True,True,0,898,898,823,6584,215.63297998046875,27720.06397417226,-7.051142,110.3993,-7.051133,110.3993,1,DELIVERY,0.0,0,0,12.77
899,2026-07-10 16:53:58.408,1419,1783677238000.0,1783677238407.397,407.39697265625,209.576904296875,True,True,0,899,899,823,6584,215.84255688476563,27723.65230641109,-7.051142,110.3993,-7.051133,110.3993,1,DELIVERY,0.0,0,0,12.77
900,2026-07-10 16:53:58.430,1420,1783677238000.0,1783677238430.378,430.3779296875,22.98095703125,True,True,0,900,900,823,6584,215.86553784179688,27751.201326032537,-7.051142,110.3993,-7.051133,110.3993,1,DELIVERY,0.0,0,0,12.77
901,2026-07-10 16:53:58.827,1421,1783677238000.0,1783677238827.355,827.35498046875,396.97705078125,True,True,0,901,901,826,6608,216.26251489257814,27730.815962160137,-7.051142,110.3993,-7.051133,110.3993,1,DELIVERY,0.0,0,0,12.77
902,2026-07-10 16:53:59.088,1422,1783677239000.0,1783677239088.3,88.300048828125,739.054931640625,True,True,0,902,902,826,6608,216.5234599609375,27727.91456908698,-7.051142,110.3993,-7.051133,110.3993,1,DELIVERY,0.0,0,0,12.77
903,2026-07-10 16:53:59.232,1423,1783677239000.0,1783677239231.267,231.26708984375,142.967041015625,True,True,0,903,903,832,6656,216.66642700195314,27740.33837713962,-7.051142,110.3993,-7.051133,110.3993,1,DELIVERY,0.0,0,0,12.77
904,2026-07-10 16:53:59.233,1424,1783677239000.0,1783677239233.096,233.095947265625,1.828857421875,True,True,0,904,904,832,6656,216.668255859375,27770.824000656896,-7.051142,110.3993,-7.051133,110.3993,1,DELIVERY,0.0,0,0,12.77
905,2026-07-10 16:53:59.427,1425,1783677239000.0,1783677239426.214,426.214111328125,193.1181640625,True,True,0,905,905,833,6664,216.8613740234375,27776.822991765148,-7.051142,110.3993,-7.051133,110.3993,1,DELIVERY,0.0,0,0,12.77
906,2026-07-10 16:53:59.625,1426,1783677239000.0,1783677239625.28,625.280029296875,199.06591796875,True,True,0,906,906,833,6664,217.06043994140626,27782.050020850664,-7.051137,110.3993,-7.051133,110.3993,1,DELIVERY,0.0,0,0,12.77
907,2026-07-10 16:54:00.045,1428,1783677240000.0,1783677240045.08,45.080078125,580.199951171875,True,True,0,907,907,823,6584,217.48023999023437,27758.696607430087,-7.051137,110.3993,-7.051133,110.3993,1,DELIVERY,0.0,0,0,12.77
908,2026-07-10 16:54:00.246,1429,1783677240000.0,1783677240246.248,246.248046875,201.16796875,True,True,0,908,908,821,6568,217.68140795898438,27763.21623727611,-7.051137,110.3993,-7.051133,110.3993,1,DELIVERY,0.0,0,0,12.77
909,2026-07-10 16:54:00.553,1430,1783677240000.0,1783677240553.319,553.319091796875,307.071044921875,True,True,0,909,909,825,6600,217.98847900390626,27754.384211706823,-7.051137,110.3993,-7.051133,110.3993,1,DELIVERY,0.0,0,0,12.77
910,2026-07-10 16:54:00.860,1431,1783677240000.0,1783677240860.105,860.10498046875,306.785888671875,True,True,0,910,910,825,6600,218.29526489257813,27745.613277413442,-7.051136,110.3993,-7.051133,110.3993,1,DELIVERY,0.0,0,0,12.77
911,2026-07-10 16:54:01.066,1432,1783677241000.0,1783677241065.859,65.85888671875,794.24609375,True,True,0,911,911,827,6616,218.5010187988281,27749.765348153698,-7.051136,110.3993,-7.051133,110.3993,1,DELIVERY,0.0,0,0,12.77
912,2026-07-10 16:54:01.269,1433,1783677241000.0,1783677241269.407,269.406982421875,203.548095703125,True,True,0,912,912,831,6648,218.70456689453124,27754.335843051762,-7.051136,110.3993,-7.051133,110.3993,1,DELIVERY,0.0,0,0,12.77
913,2026-07-10 16:54:01.385,1434,1783677241000.0,1783677241385.171,385.1708984375,115.763916015625,True,True,0,913,913,830,6640,218.82033081054686,27769.99731922128,-7.05114,110.3993,-7.051133,110.3993,1,DELIVERY,0.0,0,0,12.77
914,2026-07-10 16:54:01.486,1435,1783677241000.0,1783677241485.714,485.714111328125,100.543212890625,True,True,0,914,914,828,6624,218.9208740234375,27787.500973291062,-7.05114,110.3993,-7.051133,110.3993,1,DELIVERY,0.0,0,0,12.77
915,2026-07-10 16:54:01.775,1436,1783677241000.0,1783677241774.486,774.486083984375,288.77197265625,True,True,0,915,915,828,6624,219.20964599609374,27781.11324584923,-7.051141,110.3993,-7.051133,110.3993,1,DELIVERY,0.0,0,0,12.77
916,2026-07-10 16:54:02.091,1437,1783677242000.0,1783677242091.074,91.073974609375,683.412109375,True,True,0,916,916,828,6624,219.52623388671876,27771.22301996015,-7.051141,110.3993,-7.051133,110.3993,1,DELIVERY,0.0,0,0,12.77
917,2026-07-10 16:54:02.369,1438,1783677242000.0,1783677242368.648,368.64794921875,277.573974609375,True,True,0,917,917,830,6640,219.80380786132812,27766.361553892704,-7.051141,110.3993,-7.051133,110.3993,1,DELIVERY,0.0,0,0,12.77
918,2026-07-10 16:54:02.403,1439,1783677242000.0,1783677242403.308,403.30810546875,34.66015625,True,True,0,918,918,830,6640,219.83846801757812,27792.187850906354,-7.051141,110.3993,-7.051133,110.3993,1,DELIVERY,0.0,0,0,12.77
919,2026-07-10 16:54:02.514,1440,1783677242000.0,1783677242513.366,513.365966796875,110.057861328125,True,True,0,919,919,828,6624,219.94852587890625,27808.397330961987,-7.051141,110.3993,-7.051133,110.3993,1,DELIVERY,0.0,0,0,12.77
920,2026-07-10 16:54:02.907,1441,1783677242000.0,1783677242906.899,906.89892578125,393.532958984375,True,True,0,920,920,828,6624,220.34205883789062,27788.793625209903,-7.051141,110.3993,-7.051133,110.3993,1,DELIVERY,0.0,0,0,12.77
921,2026-07-10 16:54:03.317,1442,1783677243000.0,1783677243316.128,316.1279296875,590.77099609375,True,True,0,921,921,828,6624,220.75128784179688,27767.2853459993,-7.051141,110.3993,-7.051133,110.3993,1,DELIVERY,0.0,0,0,12.77
922,2026-07-10 16:54:03.425,1443,1783677243000.0,1783677243424.554,424.553955078125,108.426025390625,True,True,0,922,922,828,6624,220.8597138671875,27783.645521201823,-7.051141,110.3993,-7.051133,110.3993,1,DELIVERY,0.0,0,0,12.77
923,2026-07-10 16:54:03.426,1444,1783677243000.0,1783677243425.992,425.991943359375,1.43798828125,True,True,0,923,923,830,6640,220.86115185546876,27813.528764080358,-7.051141,110.3993,-7.051133,110.3993,1,DELIVERY,0.0,0,0,12.77
924,2026-07-10 16:54:03.528,1445,1783677243000.0,1783677243527.23,527.22998046875,101.238037109375,True,True,0,924,924,827,6616,220.96238989257813,27830.727224617858,-7.051137,110.3993,-7.051133,110.3993,1,DELIVERY,0.0,0,0,12.77
925,2026-07-10 16:54:03.829,1446,1783677243000.0,1783677243828.552,828.552001953125,301.322021484375,True,True,0,925,925,824,6592,221.2637119140625,27822.61920287682,-7.051137,110.3993,-7.051133,110.3993,1,DELIVERY,0.0,0,0,12.77
926,2026-07-10 16:54:04.238,1448,1783677244000.0,1783677244238.04,238.0400390625,590.511962890625,True,True,0,926,926,825,6600,221.67319995117188,27800.997149666582,-7.051137,110.3993,-7.051133,110.3993,1,DELIVERY,0.0,0,0,12.77
927,2026-07-10 16:54:04.508,1449,1783677244000.0,1783677244507.845,507.844970703125,269.804931640625,True,True,0,927,927,825,6600,221.9430048828125,27796.93824212867,-7.051137,110.3993,-7.051133,110.3993,1,DELIVERY,0.0,0,0,12.77
928,2026-07-10 16:54:04.557,1450,1783677244000.0,1783677244556.555,556.554931640625,48.7099609375,True,True,0,928,928,828,6624,221.99171484375,27820.677921907944,-7.051137,110.3993,-7.051133,110.3993,1,DELIVERY,0.0,0,0,12.77
929,2026-07-10 16:54:04.758,1451,1783677244000.0,1783677244757.122,757.1220703125,200.567138671875,True,True,0,929,929,828,6624,222.1922819824219,27825.376943061943,-7.051137,110.3993,-7.051133,110.3993,1,DELIVERY,0.0,0,0,12.77
930,2026-07-10 16:54:05.058,1452,1783677245000.0,1783677245058.446,58.446044921875,698.676025390625,True,True,0,930,930,824,6592,222.49360595703126,27817.32074222068,-7.051137,110.3993,-7.051133,110.3993,1,DELIVERY,0.0,0,0,12.77
931,2026-07-10 16:54:05.263,1453,1783677245000.0,1783677245262.755,262.7548828125,204.308837890625,True,True,0,931,931,831,6648,222.69791479492187,27821.65250943464,-7.051137,110.3993,-7.051133,110.3993,1,DELIVERY,0.0,0,0,12.77
932,2026-07-10 16:54:05.376,1454,1783677245000.0,1783677245376.362,376.362060546875,113.607177734375,True,True,0,932,932,822,6576,222.81152197265624,27836.980534432,-7.051137,110.3993,-7.051133,110.3993,1,DELIVERY,0.0,0,0,12.77
933,2026-07-10 16:54:05.986,1455,1783677245000.0,1783677245986.194,986.194091796875,609.83203125,True,True,0,933,933,821,6568,223.42135400390626,27790.39643583685,-7.051137,110.3993,-7.051134,110.3993,1,DELIVERY,0.0,0,0,12.77
934,2026-07-10 16:54:06.001,1457,1783677246000.0,1783677246000.942,0.94189453125,985.252197265625,True,True,0,934,934,821,6568,223.43610180664064,27817.957571506788,-7.051137,110.3993,-7.051134,110.3993,1,DELIVERY,0.0,0,0,12.77
935,2026-07-10 16:54:06.287,1458,1783677246000.0,1783677246286.697,286.697021484375,285.755126953125,True,True,0,935,935,821,6568,223.72185693359376,27811.78417380505,-7.051137,110.3993,-7.051134,110.3993,1,DELIVERY,0.0,0,0,12.77
936,2026-07-10 16:54:06.596,1459,1783677246000.0,1783677246595.476,595.47607421875,308.779052734375,True,True,0,936,936,821,6568,224.03063598632812,27802.76890514258,-7.051137,110.3993,-7.051134,110.3993,1,DELIVERY,0.0,0,0,12.77
937,2026-07-10 16:54:06.861,1460,1783677246000.0,1783677246861.279,861.279052734375,265.802978515625,True,True,0,937,937,828,6624,224.29643896484376,27799.353519728953,-7.051137,110.3993,-7.051134,110.3993,1,DELIVERY,0.0,0,0,12.77
938,2026-07-10 16:54:07.016,1462,1783677247000.0,1783677247016.324,16.323974609375,844.955078125,True,True,0,938,938,819,6552,224.45148388671876,27809.34165331817,-7.05114,110.3993,-7.051134,110.3993,1,DELIVERY,0.0,0,0,12.77
939,2026-07-10 16:54:07.348,1463,1783677247000.0,1783677247347.868,347.867919921875,331.5439453125,True,True,0,939,939,818,6544,224.78302783203125,27797.436756075287,-7.05114,110.3993,-7.051134,110.3993,1,DELIVERY,0.0,0,0,12.77
940,2026-07-10 16:54:07.515,1464,1783677247000.0,1783677247514.843,514.843017578125,166.97509765625,True,True,0,940,940,818,6544,224.9500029296875,27805.894281117664,-7.05114,110.3993,-7.051134,110.3993,1,DELIVERY,0.0,0,0,12.77
941,2026-07-10 16:54:07.822,1465,1783677247000.0,1783677247822.375,822.375,307.531982421875,True,True,0,941,941,818,6544,225.25753491210938,27796.983583448582,-7.05114,110.3993,-7.051134,110.3993,1,DELIVERY,0.0,0,0,12.77
942,2026-07-10 16:54:08.143,1466,1783677248000.0,1783677248143.615,143.614990234375,678.760009765625,True,True,0,942,942,822,6576,225.57877490234375,27786.55040889166,-7.05114,110.3993,-7.051134,110.3993,1,DELIVERY,0.0,0,0,12.77
943,2026-07-10 16:54:08.430,1467,1783677248000.0,1783677248429.816,429.81591796875,286.200927734375,True,True,0,943,943,820,6560,225.86497583007812,27780.385059436994,-7.05114,110.3993,-7.051134,110.3993,1,DELIVERY,0.0,0,0,12.77
944,2026-07-10 16:54:08.459,1468,1783677248000.0,1783677248459.613,459.613037109375,29.797119140625,True,True,0,944,944,817,6536,225.89477294921875,27805.654455811626,-7.05114,110.3993,-7.051134,110.3993,1,DELIVERY,0.0,0,0,12.77
945,2026-07-10 16:54:08.469,1469,1783677248000.0,1783677248469.029,469.029052734375,9.416015625,True,True,0,945,945,823,6584,225.90418896484374,27833.64057484798,-7.05114,110.3993,-7.051134,110.3993,1,DELIVERY,0.0,0,0,12.77
946,2026-07-10 16:54:08.749,1470,1783677248000.0,1783677248748.942,748.94189453125,279.912841796875,True,True,0,946,946,829,6632,226.18410180664063,27828.516459485312,-7.051139,110.3993,-7.051134,110.3993,1,DELIVERY,0.0,0,0,12.77
947,2026-07-10 16:54:09.153,1472,1783677249000.0,1783677249152.802,152.802001953125,596.139892578125,True,True,0,947,947,828,6624,226.5879619140625,27808.149853917494,-7.051139,110.3993,-7.051134,110.3993,1,DELIVERY,0.0,0,0,12.77
948,2026-07-10 16:54:09.294,1473,1783677249000.0,1783677249293.866,293.865966796875,141.06396484375,True,True,0,948,948,826,6608,226.72902587890624,27819.99338438841,-7.051139,110.3993,-7.051134,110.3993,1,DELIVERY,0.0,0,0,12.77
949,2026-07-10 16:54:09.563,1474,1783677249000.0,1783677249562.696,562.696044921875,268.830078125,True,True,0,949,949,824,6592,226.99785595703125,27816.086514910618,-7.051139,110.3993,-7.051134,110.3993,1,DELIVERY,0.0,0,0,12.77
950,2026-07-10 16:54:09.767,1475,1783677249000.0,1783677249767.446,767.446044921875,204.75,True,True,0,950,950,824,6592,227.20260595703124,27820.033020199568,-7.051139,110.3993,-7.051134,110.3993,1,DELIVERY,0.0,0,0,12.77
951,2026-07-10 16:54:10.179,1476,1783677250000.0,1783677250179.29,179.2900390625,588.156005859375,True,True,0,951,951,823,6584,227.61444995117188,27798.621754275067,-7.051139,110.3993,-7.051134,110.3993,1,DELIVERY,0.0,0,0,12.77
952,2026-07-10 16:54:10.321,1477,1783677250000.0,1783677250320.485,320.485107421875,141.195068359375,True,True,0,952,952,823,6584,227.75564501953124,27810.29642297924,-7.051139,110.3993,-7.051134,110.3993,1,DELIVERY,0.0,0,0,12.77
953,2026-07-10 16:54:10.322,1478,1783677250000.0,1783677250321.933,321.93310546875,1.447998046875,True,True,0,953,953,823,6584,227.75709301757811,27839.027606093667,-7.051139,110.3993,-7.051134,110.3993,1,DELIVERY,0.0,0,0,12.77
954,2026-07-10 16:54:10.523,1479,1783677250000.0,1783677250523.2,523.199951171875,201.266845703125,True,True,0,954,954,819,6552,227.95835986328126,27843.190325665993,-7.051139,110.3993,-7.051134,110.3993,1,DELIVERY,0.0,0,0,12.77
955,2026-07-10 16:54:10.796,1480,1783677250000.0,1783677250795.941,795.94091796875,272.740966796875,True,True,0,955,955,818,6544,228.23110083007813,27838.589819230576,-7.051139,110.3993,-7.051134,110.3993,1,DELIVERY,0.0,0,0,12.77
956,2026-07-10 16:54:11.136,1481,1783677251000.0,1783677251135.475,135.47509765625,660.4658203125,True,True,0,956,956,819,6552,228.57063500976562,27825.90160686329,-7.051137,110.3993,-7.051134,110.3993,1,DELIVERY,0.0,0,0,12.77
957,2026-07-10 16:54:11.142,1482,1783677251000.0,1783677251141.999,141.9990234375,6.52392578125,True,True,0,957,957,819,6552,228.57715893554686,27853.771696389238,-7.051137,110.3993,-7.051134,110.3993,1,DELIVERY,0.0,0,0,12.77
958,2026-07-10 16:54:11.341,1483,1783677251000.0,1783677251340.443,340.443115234375,198.444091796875,True,True,0,958,958,821,6568,228.77560302734375,27858.32018652028,-7.051137,110.3993,-7.051134,110.3993,1,DELIVERY,0.0,0,0,12.77
959,2026-07-10 16:54:11.611,1484,1783677251000.0,1783677251611.141,611.14111328125,270.697998046875,True,True,0,959,959,817,6536,229.04630102539062,27853.931591293287,-7.051137,110.3993,-7.051134,110.3993,1,DELIVERY,0.0,0,0,12.78
960,2026-07-10 16:54:11.751,1485,1783677251000.0,1783677251750.75,750.75,139.60888671875,True,True,0,960,960,822,6576,229.18590991210937,27865.657197028955,-7.051137,110.3993,-7.051134,110.3993,1,DELIVERY,0.0,0,0,12.78
961,2026-07-10 16:54:12.126,1486,1783677252000.0,1783677252125.954,125.9541015625,624.7958984375,True,True,0,961,961,820,6560,229.56111401367187,27848.688692193995,-7.051137,110.3993,-7.051134,110.3993,1,DELIVERY,0.0,0,0,12.78
962,2026-07-10 16:54:12.232,1487,1783677252000.0,1783677252231.897,231.89697265625,105.94287109375,True,True,0,962,962,820,6560,229.66705688476563,27864.405486812753,-7.051137,110.3993,-7.051134,110.3993,1,DELIVERY,0.0,0,0,12.78
963,2026-07-10 16:54:12.544,1488,1783677252000.0,1783677252543.906,543.906005859375,312.009033203125,True,True,0,963,963,820,6560,229.97906591796874,27855.12661524154,-7.051137,110.3993,-7.051134,110.3993,1,DELIVERY,0.0,0,0,12.78
964,2026-07-10 16:54:12.660,1489,1783677252000.0,1783677252659.119,659.118896484375,115.212890625,True,True,0,964,964,820,6560,230.09427880859374,27869.689038789325,-7.051137,110.3993,-7.051134,110.3993,1,DELIVERY,0.0,0,0,12.77
965,2026-07-10 16:54:12.785,1490,1783677252000.0,1783677252785.078,785.077880859375,125.958984375,True,True,0,965,965,820,6560,230.22023779296876,27882.93532114513,-7.051145,110.3993,-7.051134,110.3993,1,DELIVERY,0.0,0,0,12.77
966,2026-07-10 16:54:13.050,1491,1783677253000.0,1783677253050.273,50.27294921875,734.804931640625,True,True,0,966,966,818,6544,230.48543286132812,27879.245643546015,-7.051145,110.3993,-7.051134,110.3993,1,DELIVERY,0.0,0,0,12.77
967,2026-07-10 16:54:13.251,1492,1783677253000.0,1783677253250.839,250.839111328125,200.566162109375,True,True,0,967,967,816,6528,230.6859990234375,27883.304696556315,-7.051145,110.3993,-7.051134,110.3993,1,DELIVERY,0.0,0,0,12.77
968,2026-07-10 16:54:13.502,1493,1783677253000.0,1783677253501.66,501.659912109375,250.82080078125,True,True,0,968,968,820,6560,230.93681982421876,27881.42663825124,-7.051145,110.3993,-7.051134,110.3993,1,DELIVERY,0.0,0,0,12.77
969,2026-07-10 16:54:13.865,1494,1783677253000.0,1783677253864.363,864.363037109375,362.703125,True,True,0,969,969,820,6560,231.29952294921875,27866.066984561287,-7.051145,110.3993,-7.051134,110.3993,1,DELIVERY,0.0,0,0,12.78
970,2026-07-10 16:54:14.022,1496,1783677254000.0,1783677254022.074,22.073974609375,842.2890625,True,True,0,970,970,819,6552,231.45723388671874,27875.387135913665,-7.051145,110.3993,-7.051134,110.3993,1,DELIVERY,0.0,0,0,12.78
971,2026-07-10 16:54:14.376,1497,1783677254000.0,1783677254376.039,376.0390625,353.965087890625,True,True,0,971,971,815,6520,231.81119897460937,27860.949033387325,-7.05115,110.3993,-7.051135,110.3993,1,DELIVERY,0.0,0,0,12.78
972,2026-07-10 16:54:14.581,1498,1783677254000.0,1783677254580.578,580.577880859375,204.538818359375,True,True,0,972,972,815,6520,232.01573779296876,27864.489113961827,-7.05115,110.3993,-7.051135,110.3993,1,DELIVERY,0.0,0,0,12.78
973,2026-07-10 16:54:14.688,1499,1783677254000.0,1783677254687.638,687.637939453125,107.06005859375,True,True,0,973,973,816,6528,232.1227978515625,27879.760453940427,-7.05115,110.3993,-7.051135,110.3993,1,DELIVERY,0.0,0,0,12.77
974,2026-07-10 16:54:15.041,1501,1783677255000.0,1783677255041.148,41.14794921875,646.489990234375,True,True,0,974,974,814,6512,232.47630786132814,27865.377162924247,-7.05115,110.3993,-7.051135,110.3993,1,DELIVERY,0.0,0,0,12.77
975,2026-07-10 16:54:15.245,1502,1783677255000.0,1783677255245.0,245.0,203.85205078125,True,True,0,975,975,817,6536,232.6801599121094,27869.054252195067,-7.051153,110.3993,-7.051135,110.3993,1,DELIVERY,0.0,0,0,12.77
976,2026-07-10 16:54:15.503,1503,1783677255000.0,1783677255502.463,502.462890625,257.462890625,True,True,0,976,976,820,6560,232.93762280273438,27866.412998887197,-7.051153,110.3993,-7.051135,110.3993,1,DELIVERY,0.0,0,0,12.77
977,2026-07-10 16:54:15.809,1504,1783677255000.0,1783677255808.955,808.955078125,306.4921875,True,True,0,977,977,820,6560,233.24411499023438,27857.92044644749,-7.051153,110.3993,-7.051135,110.3993,1,DELIVERY,0.0,0,0,12.77
978,2026-07-10 16:54:16.118,1506,1783677256000.0,1783677256117.466,117.466064453125,691.489013671875,True,True,0,978,978,820,6560,233.5526259765625,27849.20945677021,-7.051153,110.3993,-7.051135,110.3993,1,DELIVERY,0.0,0,0,12.77
979,2026-07-10 16:54:16.527,1507,1783677256000.0,1783677256526.492,526.491943359375,409.02587890625,True,True,0,979,979,820,6560,233.96165185546874,27828.560571208895,-7.051153,110.3993,-7.051135,110.3993,1,DELIVERY,0.0,0,0,12.77
980,2026-07-10 16:54:16.537,1508,1783677256000.0,1783677256536.761,536.760986328125,10.26904296875,True,True,0,980,980,820,6560,233.9719208984375,27855.376726291277,-7.051153,110.3993,-7.051135,110.3993,1,DELIVERY,0.0,0,0,12.77
981,2026-07-10 16:54:16.687,1509,1783677256000.0,1783677256687.145,687.14501953125,150.384033203125,True,True,0,981,981,820,6560,234.12230493164063,27865.503895089656,-7.051153,110.3993,-7.051135,110.3993,1,DELIVERY,0.0,0,0,12.77
982,2026-07-10 16:54:17.176,1510,1783677257000.0,1783677257176.713,176.712890625,510.43212890625,True,True,0,982,982,820,6560,234.61187280273438,27835.317633268078,-7.051153,110.3993,-7.051135,110.3993,1,DELIVERY,0.0,0,0,12.77
983,2026-07-10 16:54:17.256,1511,1783677257000.0,1783677257255.918,255.91796875,79.205078125,True,True,0,983,983,823,6584,234.69107788085938,27853.977488307162,-7.051155,110.3993,-7.051136,110.3993,1,DELIVERY,0.0,0,0,12.77
984,2026-07-10 16:54:17.312,1512,1783677257000.0,1783677257312.747,312.7470703125,56.8291015625,True,True,0,984,984,823,6584,234.74790698242188,27875.281548261024,-7.051155,110.3993,-7.051136,110.3993,1,DELIVERY,0.0,0,0,12.77
985,2026-07-10 16:54:17.513,1513,1783677257000.0,1783677257513.102,513.10205078125,200.35498046875,True,True,0,985,985,825,6600,234.94826196289063,27879.601854788754,-7.051155,110.3993,-7.051136,110.3993,1,DELIVERY,0.0,0,0,12.77
986,2026-07-10 16:54:17.702,1514,1783677257000.0,1783677257701.812,701.81201171875,188.7099609375,True,True,0,986,986,822,6576,235.13697192382813,27885.19366543543,-7.051155,110.3993,-7.051136,110.3993,1,DELIVERY,0.0,0,0,12.77
987,2026-07-10 16:54:18.165,1516,1783677258000.0,1783677258164.479,164.47900390625,537.3330078125,True,True,0,987,987,823,6584,235.59963891601564,27858.378859144468,-7.051155,110.3993,-7.051136,110.3993,1,DELIVERY,0.0,0,0,12.77
988,2026-07-10 16:54:18.428,1517,1783677258000.0,1783677258427.995,427.9951171875,263.51611328125,True,True,0,988,988,823,6584,235.86315502929688,27855.168812542724,-7.051155,110.3993,-7.051136,110.3993,1,DELIVERY,0.0,0,0,12.77
989,2026-07-10 16:54:18.523,1518,1783677258000.0,1783677258522.817,522.81689453125,94.82177734375,True,True,0,989,989,825,6600,235.95797680664063,27871.946051602663,-7.051155,110.3993,-7.051136,110.3993,1,DELIVERY,0.0,0,0,12.77
990,2026-07-10 16:54:18.780,1519,1783677258000.0,1783677258779.167,779.1669921875,256.35009765625,True,True,0,990,990,822,6576,236.21432690429688,27869.537323479966,-7.051155,110.3993,-7.051136,110.3993,1,DELIVERY,0.0,0,0,12.77
991,2026-07-10 16:54:19.190,1521,1783677259000.0,1783677259189.626,189.6259765625,589.541015625,True,True,0,991,991,822,6576,236.62478588867188,27848.984523119125,-7.051155,110.3993,-7.051136,110.3993,1,DELIVERY,0.0,0,0,12.77
992,2026-07-10 16:54:19.617,1522,1783677259000.0,1783677259616.62,616.6201171875,426.994140625,True,True,0,992,992,817,6536,237.05178002929688,27826.39303187166,-7.051156,110.3993,-7.051136,110.3993,1,DELIVERY,0.0,0,0,12.77
993,2026-07-10 16:54:19.706,1523,1783677259000.0,1783677259706.26,706.260009765625,89.639892578125,True,True,0,993,993,817,6536,237.141419921875,27843.436216985072,-7.051156,110.3993,-7.051136,110.3993,1,DELIVERY,0.0,0,0,12.77
994,2026-07-10 16:54:19.963,1524,1783677259000.0,1783677259963.203,963.202880859375,256.94287109375,True,True,0,994,994,820,6560,237.39836279296875,27840.93336719404,-7.051156,110.3993,-7.051136,110.3993,1,DELIVERY,0.0,0,0,12.77
995,2026-07-10 16:54:20.170,1526,1783677260000.0,1783677260170.288,170.2880859375,792.914794921875,True,True,0,995,995,819,6552,237.60544799804688,27844.243706290705,-7.051156,110.3993,-7.051136,110.3993,1,DELIVERY,0.0,0,0,12.77
996,2026-07-10 16:54:20.421,1527,1783677260000.0,1783677260420.681,420.680908203125,250.392822265625,True,True,0,996,996,817,6536,237.8558408203125,27842.410668413788,-7.051156,110.3993,-7.051136,110.3993,1,DELIVERY,0.0,0,0,12.77
997,2026-07-10 16:54:20.626,1528,1783677260000.0,1783677260625.994,625.993896484375,205.31298828125,True,True,0,997,997,814,6512,238.06115380859376,27845.752630980907,-7.051156,110.3993,-7.051136,110.3993,1,DELIVERY,0.0,0,0,12.77
998,2026-07-10 16:54:21.033,1530,1783677261000.0,1783677261033.66,33.659912109375,592.333984375,True,True,0,998,998,816,6528,238.46881982421874,27825.52454820385,-7.051156,110.3993,-7.051136,110.3993,1,DELIVERY,0.0,0,0,12.77
999,2026-07-10 16:54:21.236,1531,1783677261000.0,1783677261236.141,236.14111328125,202.481201171875,True,True,0,999,999,819,6552,238.67130102539062,27829.370232047277,-7.051156,110.3993,-7.051136,110.3993,1,DELIVERY,0.0,0,0,12.77
1000,2026-07-10 16:54:21.441,1532,1783677261000.0,1783677261441.277,441.277099609375,205.135986328125,True,True,0,1000,1000,819,6552,238.87643701171876,27832.9000682216,-7.051156,110.3993,-7.051137,110.3993,1,DELIVERY,0.0,0,0,12.77
1001,2026-07-10 16:54:21.792,1533,1783677261000.0,1783677261792.674,792.674072265625,351.39697265625,True,True,0,1001,1001,821,6568,239.227833984375,27819.47187815394,-7.051156,110.3993,-7.051137,110.3993,1,DELIVERY,0.0,0,0,12.77
1002,2026-07-10 16:54:22.031,1535,1783677262000.0,1783677262031.632,31.632080078125,761.0419921875,True,True,0,1002,1002,822,6576,239.4667919921875,27819.17252316696,-7.051156,110.3993,-7.051137,110.3993,1,DELIVERY,0.0,0,0,12.77
1003,2026-07-10 16:54:22.273,1536,1783677262000.0,1783677262272.714,272.714111328125,241.08203125,True,True,0,1003,1003,818,6544,239.7078740234375,27818.49376941203,-7.051157,110.3993,-7.051137,110.3993,1,DELIVERY,0.0,0,0,12.77
1004,2026-07-10 16:54:22.432,1537,1783677262000.0,1783677262432.313,432.31298828125,159.598876953125,True,True,0,1004,1004,818,6544,239.86747290039062,27827.26611194948,-7.051156,110.3993,-7.051138,110.3993,1,DELIVERY,0.0,0,0,12.77
1005,2026-07-10 16:54:22.639,1538,1783677262000.0,1783677262639.036,639.035888671875,206.722900390625,True,True,0,1005,1005,817,6536,240.07419580078124,27830.529548225015,-7.051156,110.3993,-7.051138,110.3993,1,DELIVERY,0.0,0,0,12.77
1006,2026-07-10 16:54:23.050,1539,1783677263000.0,1783677263050.078,50.077880859375,588.9580078125,True,True,0,1006,1006,817,6536,240.48523779296875,27810.139455452016,-7.051156,110.3993,-7.051138,110.3993,1,DELIVERY,0.0,0,0,12.77
1007,2026-07-10 16:54:23.068,1540,1783677263000.0,1783677263068.079,68.0791015625,18.001220703125,True,True,0,1007,1007,817,6536,240.50323901367187,27835.234267341573,-7.051156,110.3993,-7.051138,110.3993,1,DELIVERY,0.0,0,0,12.77
1008,2026-07-10 16:54:23.258,1541,1783677263000.0,1783677263258.14,258.139892578125,190.060791015625,True,True,0,1008,1008,820,6560,240.6932998046875,27840.509085369635,-7.051155,110.3993,-7.051138,110.3993,1,DELIVERY,0.0,0,0,12.77
1009,2026-07-10 16:54:23.467,1542,1783677263000.0,1783677263467.078,467.077880859375,208.93798828125,True,True,0,1009,1009,819,6552,240.90223779296875,27843.56036478369,-7.051155,110.3993,-7.051139,110.3993,1,DELIVERY,0.0,0,0,12.77
1010,2026-07-10 16:54:23.916,1543,1783677263000.0,1783677263915.757,915.757080078125,448.67919921875,True,True,0,1010,1010,817,6536,241.3509169921875,27818.879180878914,-7.051155,110.3993,-7.051139,110.3993,1,DELIVERY,0.0,0,0,12.77
1011,2026-07-10 16:54:24.207,1544,1783677264000.0,1783677264207.04,207.0400390625,708.717041015625,True,True,0,1011,1011,817,6536,241.64219995117188,27812.393701754194,-7.051155,110.3993,-7.051139,110.3993,1,DELIVERY,0.0,0,0,12.77
1012,2026-07-10 16:54:24.314,1545,1783677264000.0,1783677264313.591,313.591064453125,106.551025390625,True,True,0,1012,1012,817,6536,241.7487509765625,27827.17169302852,-7.051155,110.3993,-7.051139,110.3993,1,DELIVERY,0.0,0,0,12.77
1013,2026-07-10 16:54:24.323,1546,1783677264000.0,1783677264322.482,322.48193359375,8.890869140625,True,True,0,1013,1013,817,6536,241.75764184570312,27853.18366191568,-7.051153,110.3993,-7.051139,110.3993,1,DELIVERY,0.0,0,0,12.77
1014,2026-07-10 16:54:24.499,1547,1783677264000.0,1783677264499.079,499.0791015625,176.59716796875,True,True,0,1014,1014,815,6520,241.93423901367188,27859.802016774913,-7.051153,110.3993,-7.05114,110.3993,1,DELIVERY,0.0,0,0,12.77
1015,2026-07-10 16:54:24.718,1548,1783677264000.0,1783677264717.962,717.9619140625,218.8828125,True,True,0,1015,1015,816,6528,242.15312182617188,27861.577621299988,-7.051153,110.3993,-7.05114,110.3993,1,DELIVERY,0.0,0,0,12.77
1016,2026-07-10 16:54:25.119,1550,1783677265000.0,1783677265118.471,118.470947265625,599.490966796875,True,True,0,1016,1016,815,6520,242.553630859375,27842.45272302415,-7.051153,110.3993,-7.05114,110.3993,1,DELIVERY,0.0,0,0,12.77
1017,2026-07-10 16:54:25.326,1551,1783677265000.0,1783677265325.775,325.77490234375,207.303955078125,True,True,0,1017,1017,812,6496,242.76093481445312,27845.4356965079,-7.051153,110.3993,-7.05114,110.3993,1,DELIVERY,0.0,0,0,12.77
1018,2026-07-10 16:54:25.537,1552,1783677265000.0,1783677265537.058,537.05810546875,211.283203125,True,True,0,1018,1018,813,6504,242.97221801757811,27847.990421318395,-7.051153,110.3993,-7.05114,110.3993,1,DELIVERY,0.0,0,0,12.77
1019,2026-07-10 16:54:25.742,1553,1783677265000.0,1783677265741.68,741.679931640625,204.621826171875,True,True,0,1019,1019,817,6536,243.17683984375,27851.43521213528,-7.051153,110.3993,-7.05114,110.3993,1,DELIVERY,0.0,0,0,12.77
1020,2026-07-10 16:54:26.049,1554,1783677266000.0,1783677266049.053,49.052978515625,692.626953125,True,True,0,1020,1020,815,6520,243.484212890625,27843.053639971862,-7.051153,110.3993,-7.05114,110.3993,1,DELIVERY,0.0,0,0,12.77
1021,2026-07-10 16:54:26.356,1555,1783677266000.0,1783677266356.184,356.18408203125,307.131103515625,True,True,0,1021,1021,815,6520,243.79134399414062,27834.720826524073,-7.051153,110.3993,-7.05114,110.3993,1,DELIVERY,0.0,0,0,12.77
1022,2026-07-10 16:54:26.664,1556,1783677266000.0,1783677266663.538,663.5380859375,307.35400390625,True,True,0,1022,1022,821,6568,244.09869799804687,27826.580214099908,-7.051153,110.3993,-7.05114,110.3993,1,DELIVERY,0.0,0,0,12.77
1023,2026-07-10 16:54:26.868,1557,1783677266000.0,1783677266868.168,868.16796875,204.6298828125,True,True,0,1023,1023,819,6552,244.30332788085937,27830.091628206123,-7.051153,110.3993,-7.05114,110.3993,1,DELIVERY,0.0,0,0,12.77
1024,2026-07-10 16:54:26.976,1558,1783677266000.0,1783677266975.779,975.779052734375,107.611083984375,True,True,0,1024,1024,820,6560,244.41093896484375,27844.678428975367,-7.051152,110.3993,-7.05114,110.3993,1,DELIVERY,0.0,0,0,12.77
1025,2026-07-10 16:54:27.418,1560,1783677267000.0,1783677267417.62,417.6201171875,558.158935546875,True,True,0,1025,1025,815,6520,244.85278002929687,27821.060472276156,-7.051152,110.3993,-7.05114,110.3993,1,DELIVERY,0.0,0,0,12.77
1026,2026-07-10 16:54:27.494,1561,1783677267000.0,1783677267494.391,494.39111328125,76.77099609375,True,True,0,1026,1026,816,6528,244.92955102539062,27838.992769366367,-7.051152,110.3993,-7.05114,110.3993,1,DELIVERY,0.0,0,0,12.77
1027,2026-07-10 16:54:27.600,1562,1783677267000.0,1783677267599.435,599.43505859375,105.0439453125,True,True,0,1027,1027,820,6560,245.03459497070313,27853.830194124344,-7.051152,110.3993,-7.05114,110.3993,1,DELIVERY,0.0,0,0,12.77
1028,2026-07-10 16:54:28.099,1564,1783677268000.0,1783677268099.446,99.446044921875,499.989013671875,True,True,0,1028,1028,817,6536,245.53460595703126,27823.72763045691,-7.051153,110.3993,-7.05114,110.3993,1,DELIVERY,0.0,0,0,12.77
1029,2026-07-10 16:54:28.319,1565,1783677268000.0,1783677268319.403,319.403076171875,219.95703125,True,True,0,1029,1029,820,6560,245.75456298828124,27825.517934843312,-7.051153,110.3993,-7.05114,110.3993,1,DELIVERY,0.0,0,0,12.77
1030,2026-07-10 16:54:28.428,1566,1783677268000.0,1783677268427.635,427.635009765625,108.23193359375,True,True,0,1030,1030,816,6528,245.862794921875,27839.820181719588,-7.051154,110.3993,-7.05114,110.3993,1,DELIVERY,0.0,0,0,12.77
1031,2026-07-10 16:54:28.717,1567,1783677268000.0,1783677268717.466,717.466064453125,289.8310546875,True,True,0,1031,1031,815,6520,246.1526259765625,27833.527969969124,-7.051154,110.3993,-7.05114,110.3993,1,DELIVERY,0.0,0,0,12.77
1032,2026-07-10 16:54:29.026,1568,1783677269000.0,1783677269026.077,26.076904296875,691.38916015625,True,True,0,1032,1032,812,6496,246.46123681640626,27825.03280671476,-7.051153,110.3993,-7.051141,110.3993,1,DELIVERY,0.0,0,0,12.77
1033,2026-07-10 16:54:29.127,1569,1783677269000.0,1783677269126.712,126.7119140625,100.635009765625,True,True,0,1033,1033,814,6512,246.56187182617188,27840.08715199644,-7.051153,110.3993,-7.051141,110.3993,1,DELIVERY,0.0,0,0,12.77
1034,2026-07-10 16:54:29.238,1570,1783677269000.0,1783677269238.619,238.618896484375,111.906982421875,True,True,0,1034,1034,816,6528,246.67377880859374,27853.92121199641,-7.051153,110.3993,-7.051141,110.3993,1,DELIVERY,0.0,0,0,12.77
1035,2026-07-10 16:54:29.532,1571,1783677269000.0,1783677269532.01,532.010009765625,293.39111328125,True,True,0,1035,1035,814,6512,246.967169921875,27847.19929444696,-7.051153,110.3993,-7.051141,110.3993,1,DELIVERY,0.0,0,0,12.77
1036,2026-07-10 16:54:29.651,1572,1783677269000.0,1783677269651.427,651.427001953125,119.4169921875,True,True,0,1036,1036,815,6520,247.0865869140625,27860.128248864556,-7.051153,110.3993,-7.051141,110.3993,1,DELIVERY,0.0,0,0,12.77
1037,2026-07-10 16:54:30.147,1574,1783677270000.0,1783677270147.152,147.152099609375,504.27490234375,True,True,0,1037,1037,815,6520,247.58231201171876,27830.679599089694,-7.051153,110.3993,-7.051141,110.3993,1,DELIVERY,0.0,0,0,12.77
1038,2026-07-10 16:54:30.349,1575,1783677270000.0,1783677270349.442,349.44189453125,202.289794921875,True,True,0,1038,1038,814,6512,247.78460180664064,27834.239697356217,-7.051153,110.3993,-7.051141,110.3993,1,DELIVERY,0.0,0,0,12.77
1039,2026-07-10 16:54:30.474,1576,1783677270000.0,1783677270474.222,474.221923828125,124.780029296875,True,True,0,1039,1039,811,6488,247.9093818359375,27846.40076497206,-7.051151,110.3993,-7.051142,110.3993,1,DELIVERY,0.0,0,0,12.77
1040,2026-07-10 16:54:30.764,1577,1783677270000.0,1783677270763.855,763.85498046875,289.633056640625,True,True,0,1040,1040,816,6528,248.19901489257813,27840.20719417701,-7.051151,110.3993,-7.051142,110.3993,1,DELIVERY,0.0,0,0,12.77
1041,2026-07-10 16:54:31.091,1579,1783677271000.0,1783677271091.246,91.24609375,672.60888671875,True,True,0,1041,1041,815,6520,248.52640600585937,27829.767110690584,-7.051151,110.3993,-7.051142,110.3993,1,DELIVERY,0.0,0,0,12.77
1042,2026-07-10 16:54:31.316,1580,1783677271000.0,1783677271316.32,316.320068359375,225.073974609375,True,True,0,1042,1042,813,6504,248.75147998046876,27830.73290877935,-7.051151,110.3993,-7.051142,110.3993,1,DELIVERY,0.0,0,0,12.78
1043,2026-07-10 16:54:31.579,1581,1783677271000.0,1783677271578.828,578.827880859375,262.5078125,True,True,0,1043,1043,813,6504,249.01398779296875,27827.513070314606,-7.051151,110.3993,-7.051142,110.3993,1,DELIVERY,0.0,0,0,12.78
1044,2026-07-10 16:54:31.710,1582,1783677271000.0,1783677271709.917,709.9169921875,131.089111328125,True,True,0,1044,1044,813,6504,249.14507690429687,27838.97673669176,-7.051151,110.3993,-7.051142,110.3993,1,DELIVERY,0.0,0,0,12.78
1045,2026-07-10 16:54:32.120,1584,1783677272000.0,1783677272119.442,119.44189453125,590.47509765625,True,True,0,1045,1045,815,6520,249.55460180664062,27819.418875630054,-7.051151,110.3993,-7.051142,110.3993,1,DELIVERY,0.0,0,0,12.78
1046,2026-07-10 16:54:32.330,1585,1783677272000.0,1783677272329.265,329.264892578125,209.822998046875,True,True,0,1046,1046,813,6504,249.7644248046875,27822.08877598962,-7.051151,110.3993,-7.051142,110.3993,1,DELIVERY,0.0,0,0,12.77
1047,2026-07-10 16:54:32.604,1586,1783677272000.0,1783677272603.48,603.47998046875,274.215087890625,True,True,0,1047,1047,814,6512,250.03863989257812,27817.620520525234,-7.051146,110.3993,-7.051142,110.3993,1,DELIVERY,0.0,0,0,12.77
1048,2026-07-10 16:54:33.020,1587,1783677272000.0,1783677273020.177,1020.177001953125,416.697021484375,True,True,0,1048,1048,814,6512,250.4553369140625,27797.339381068305,-7.051146,110.3993,-7.051142,110.3993,1,DELIVERY,0.0,0,0,12.77
1049,2026-07-10 16:54:33.155,1588,1783677273000.0,1783677273155.26,155.260009765625,864.9169921875,True,True,0,1049,1049,821,6568,250.590419921875,27808.565076719788,-7.051145,110.3993,-7.051142,110.3993,1,DELIVERY,0.0,0,0,12.77
1050,2026-07-10 16:54:33.173,1589,1783677273000.0,1783677273173.244,173.243896484375,17.98388671875,True,True,0,1050,1050,821,6568,250.60840380859375,27832.77772810591,-7.051145,110.3993,-7.051142,110.3993,1,DELIVERY,0.0,0,0,12.77
1051,2026-07-10 16:54:33.526,1590,1783677273000.0,1783677273525.732,525.73193359375,352.488037109375,True,True,0,1051,1051,815,6520,250.96089184570312,27819.6652420748,-7.051145,110.3993,-7.051142,110.3993,1,DELIVERY,0.0,0,0,12.77
1052,2026-07-10 16:54:33.634,1591,1783677273000.0,1783677273634.325,634.324951171875,108.593017578125,True,True,0,1052,1052,815,6520,251.06948486328125,27833.601537858634,-7.051145,110.3993,-7.051142,110.3993,1,DELIVERY,0.0,0,0,12.77
1053,2026-07-10 16:54:33.768,1592,1783677273000.0,1783677273767.87,767.8701171875,133.545166015625,True,True,0,1053,1053,820,6560,251.20303002929688,27844.918905573035,-7.051143,110.3993,-7.051142,110.3993,1,DELIVERY,0.0,0,0,12.77
1054,2026-07-10 16:54:34.062,1593,1783677274000.0,1783677274061.499,61.4990234375,706.37109375,True,True,0,1054,1054,817,6536,251.49665893554686,27838.39765360172,-7.051143,110.3993,-7.051142,110.3993,1,DELIVERY,0.0,0,0,12.77
1055,2026-07-10 16:54:34.245,1594,1783677274000.0,1783677274245.058,245.05810546875,183.55908203125,True,True,0,1055,1055,820,6560,251.6802180175781,27844.158969659475,-7.051143,110.3993,-7.051142,110.3993,1,DELIVERY,0.0,0,0,12.77
1056,2026-07-10 16:54:34.447,1595,1783677274000.0,1783677274445.724,445.72412109375,200.666015625,True,True,0,1056,1056,817,6536,251.88088403320313,27847.925129067604,-7.051143,110.3993,-7.051142,110.3993,1,DELIVERY,0.0,0,0,12.77
1057,2026-07-10 16:54:34.668,1596,1783677274000.0,1783677274668.148,668.14794921875,222.423828125,True,True,0,1057,1057,817,6536,252.10330786132812,27849.28154874474,-7.051144,110.3993,-7.051142,110.3993,1,DELIVERY,0.0,0,0,12.77
1058,2026-07-10 16:54:35.062,1597,1783677275000.0,1783677275061.458,61.4580078125,606.68994140625,True,True,0,1058,1058,817,6536,252.49661791992187,27831.786650816517,-7.051142,110.3993,-7.051142,110.3993,1,DELIVERY,0.0,0,0,12.77
1059,2026-07-10 16:54:35.168,1598,1783677275000.0,1783677275168.193,168.193115234375,106.735107421875,True,True,0,1059,1059,817,6536,252.60335302734376,27845.90115570868,-7.051142,110.3993,-7.051142,110.3993,1,DELIVERY,0.0,0,0,12.77
1060,2026-07-10 16:54:35.235,1599,1783677275000.0,1783677275235.231,235.23095703125,67.037841796875,True,True,0,1060,1060,816,6528,252.67039086914062,27864.349185442592,-7.051142,110.3993,-7.051142,110.3993,1,DELIVERY,0.0,0,0,12.77
1061,2026-07-10 16:54:35.470,1600,1783677275000.0,1783677275470.564,470.56396484375,235.3330078125,True,True,0,1061,1061,820,6560,252.90572387695312,27864.35946158586,-7.051142,110.3993,-7.051142,110.3993,1,DELIVERY,0.0,0,0,12.77
1062,2026-07-10 16:54:35.676,1601,1783677275000.0,1783677275675.616,675.615966796875,205.052001953125,True,True,0,1062,1062,818,6544,253.11077587890625,27867.640069874375,-7.051142,110.3993,-7.051142,110.3993,1,DELIVERY,0.0,0,0,12.77
1063,2026-07-10 16:54:36.188,1603,1783677276000.0,1783677276187.705,187.705078125,487.910888671875,True,True,0,1063,1063,817,6536,253.62286499023438,27837.14315454897,-7.051142,110.3993,-7.051142,110.3993,1,DELIVERY,0.0,0,0,12.77
1064,2026-07-10 16:54:36.298,1604,1783677276000.0,1783677276297.841,297.841064453125,110.135986328125,True,True,0,1064,1064,817,6536,253.7330009765625,27850.819455104123,-7.051142,110.3993,-7.051142,110.3993,1,DELIVERY,0.0,0,0,12.77
1065,2026-07-10 16:54:36.598,1605,1783677276000.0,1783677276597.839,597.839111328125,299.998046875,True,True,0,1065,1065,816,6528,254.0329990234375,27843.626722477165,-7.051142,110.3993,-7.051142,110.3993,1,DELIVERY,0.0,0,0,12.77
1066,2026-07-10 16:54:36.908,1606,1783677276000.0,1783677276907.548,907.548095703125,309.708984375,True,True,0,1066,1066,816,6528,254.3427080078125,27835.38814795719,-7.051142,110.3993,-7.051142,110.3993,1,DELIVERY,0.0,0,0,12.77
1067,2026-07-10 16:54:37.118,1607,1783677277000.0,1783677277117.923,117.923095703125,789.625,True,True,0,1067,1067,816,6528,254.5530830078125,27838.02858039836,-7.051142,110.3993,-7.051142,110.3993,1,DELIVERY,0.0,0,0,12.77
1068,2026-07-10 16:54:37.120,1608,1783677277000.0,1783677277119.647,119.64697265625,1.723876953125,True,True,0,1068,1068,818,6544,254.5548068847656,27863.547684687168,-7.051142,110.3993,-7.051142,110.3993,1,DELIVERY,0.0,0,0,12.77
1069,2026-07-10 16:54:37.274,1609,1783677277000.0,1783677277273.904,273.904052734375,154.257080078125,True,True,0,1069,1069,816,6528,254.70906396484375,27872.30218465993,-7.051142,110.3993,-7.051142,110.3993,1,DELIVERY,0.0,0,0,12.77
1070,2026-07-10 16:54:37.518,1610,1783677277000.0,1783677277517.805,517.804931640625,243.90087890625,True,True,0,1070,1070,820,6560,254.95296484375,27871.36836927902,-7.051142,110.3993,-7.051142,110.3993,1,DELIVERY,0.0,0,0,12.77
1071,2026-07-10 16:54:37.825,1611,1783677277000.0,1783677277825.069,825.069091796875,307.26416015625,True,True,0,1071,1071,820,6560,255.26022900390626,27863.51805666976,-7.051142,110.3993,-7.051142,110.3993,1,DELIVERY,0.0,0,0,12.77
1072,2026-07-10 16:54:38.034,1612,1783677278000.0,1783677278033.022,33.02197265625,792.047119140625,True,True,0,1072,1072,820,6560,255.4681818847656,27866.51530330764,-7.051129,110.3993,-7.051142,110.3993,1,DELIVERY,0.0,0,0,12.77
1073,2026-07-10 16:54:38.139,1613,1783677278000.0,1783677278139.372,139.3720703125,106.35009765625,True,True,0,1073,1073,820,6560,255.5745319824219,27880.58710204383,-7.051128,110.3993,-7.051141,110.3993,1,DELIVERY,0.0,0,0,12.77
1074,2026-07-10 16:54:38.302,1614,1783677278000.0,1783677278301.503,301.5029296875,162.130859375,True,True,0,1074,1074,822,6576,255.73666284179689,27888.625435032238,-7.051128,110.3993,-7.051141,110.3993,1,DELIVERY,0.0,0,0,12.77
1075,2026-07-10 16:54:38.555,1615,1783677278000.0,1783677278555.198,555.197998046875,253.695068359375,True,True,0,1075,1075,819,6552,255.99035791015626,27886.58158173846,-7.051128,110.3993,-7.051141,110.3993,1,DELIVERY,0.0,0,0,12.77
1076,2026-07-10 16:54:38.747,1616,1783677278000.0,1783677278747.016,747.01611328125,191.818115234375,True,True,0,1076,1076,818,6544,256.1821760253906,27891.24563955544,-7.051128,110.3993,-7.051141,110.3993,1,DELIVERY,0.0,0,0,12.77
1077,2026-07-10 16:54:39.157,1617,1783677279000.0,1783677279157.2,157.199951171875,589.816162109375,True,True,0,1077,1077,817,6536,256.5923598632813,27872.13151557062,-7.051128,110.3993,-7.051141,110.3993,1,DELIVERY,0.0,0,0,12.77
1078,2026-07-10 16:54:39.264,1618,1783677279000.0,1783677279263.941,263.94091796875,106.740966796875,True,True,0,1078,1078,816,6528,256.6991008300781,27885.97224085501,-7.051126,110.3993,-7.051141,110.3993,1,DELIVERY,0.0,0,0,12.77
1079,2026-07-10 16:54:39.332,1619,1783677279000.0,1783677279331.887,331.886962890625,67.946044921875,True,True,0,1079,1079,821,6568,256.767046875,27904.17262339751,-7.051126,110.3993,-7.051141,110.3993,1,DELIVERY,0.0,0,0,12.77
1080,2026-07-10 16:54:39.535,1620,1783677279000.0,1783677279535.517,535.51708984375,203.630126953125,True,True,0,1080,1080,819,6552,256.9706770019531,27907.557716966647,-7.051126,110.3993,-7.051141,110.3993,1,DELIVERY,0.0,0,0,12.77
1081,2026-07-10 16:54:39.771,1621,1783677279000.0,1783677279770.868,770.867919921875,235.350830078125,True,True,0,1081,1081,811,6488,257.2060278320312,27907.24642226327,-7.051126,110.3993,-7.051141,110.3993,1,DELIVERY,0.0,0,0,12.77
1082,2026-07-10 16:54:40.181,1623,1783677280000.0,1783677280180.638,180.637939453125,590.22998046875,True,True,0,1082,1082,812,6496,257.6157978515625,27888.07231511336,-7.051124,110.3993,-7.05114,110.3993,1,DELIVERY,0.0,0,0,12.77
1083,2026-07-10 16:54:40.346,1624,1783677280000.0,1783677280346.376,346.3759765625,165.738037109375,True,True,0,1083,1083,812,6496,257.7815358886719,27895.341593067144,-7.051124,110.3993,-7.05114,110.3993,1,DELIVERY,0.0,0,0,12.77
1084,2026-07-10 16:54:40.693,1625,1783677280000.0,1783677280692.833,692.8330078125,346.45703125,True,True,0,1084,1084,816,6528,258.1279929199219,27883.19050012074,-7.051124,110.3993,-7.05114,110.3993,1,DELIVERY,0.0,0,0,12.77
1085,2026-07-10 16:54:40.799,1626,1783677280000.0,1783677280799.344,799.343994140625,106.510986328125,True,True,0,1085,1085,816,6528,258.23450390625,27896.96919283622,-7.051124,110.3993,-7.05114,110.3993,1,DELIVERY,0.0,0,0,12.77
1086,2026-07-10 16:54:41.104,1627,1783677281000.0,1783677281104.18,104.179931640625,695.1640625,True,True,0,1086,1086,817,6536,258.53933984375,27889.35720327016,-7.051123,110.3993,-7.05114,110.3993,1,DELIVERY,0.0,0,0,12.77
1087,2026-07-10 16:54:41.327,1628,1783677281000.0,1783677281326.847,326.846923828125,222.6669921875,True,True,0,1087,1087,817,6536,258.7620068359375,27890.616896381565,-7.051123,110.3993,-7.05114,110.3993,1,DELIVERY,0.0,0,0,12.77
1088,2026-07-10 16:54:41.375,1629,1783677281000.0,1783677281375.109,375.10888671875,48.261962890625,True,True,0,1088,1088,817,6536,258.81026879882813,27910.669980466817,-7.051123,110.3993,-7.05114,110.3993,1,DELIVERY,0.0,0,0,12.77
1089,2026-07-10 16:54:41.682,1630,1783677281000.0,1783677281681.87,681.8701171875,306.76123046875,True,True,0,1089,1089,814,6512,259.11703002929687,27902.758839056376,-7.051123,110.3993,-7.05114,110.3993,1,DELIVERY,0.0,0,0,12.77
1090,2026-07-10 16:54:42.027,1632,1783677282000.0,1783677282026.645,26.64501953125,655.22509765625,True,True,0,1090,1090,824,6592,259.46180493164064,27891.087869008763,-7.051123,110.3993,-7.05114,110.3993,1,DELIVERY,0.0,0,0,12.77
1091,2026-07-10 16:54:42.211,1633,1783677282000.0,1783677282211.027,211.027099609375,184.382080078125,True,True,0,1091,1091,822,6576,259.6461870117187,27896.60839376427,-7.051123,110.3993,-7.05114,110.3993,1,DELIVERY,0.0,0,0,12.77
1092,2026-07-10 16:54:42.446,1634,1783677282000.0,1783677282445.532,445.531982421875,234.5048828125,True,True,0,1092,1092,820,6560,259.88069189453125,27896.678076192853,-7.051123,110.3993,-7.051139,110.3993,1,DELIVERY,0.0,0,0,12.77
1093,2026-07-10 16:54:42.638,1635,1783677282000.0,1783677282638.151,638.15087890625,192.618896484375,True,True,0,1093,1093,820,6560,260.0733107910156,27901.24053071683,-7.051123,110.3993,-7.051139,110.3993,1,DELIVERY,0.0,0,0,12.77
1094,2026-07-10 16:54:43.154,1637,1783677283000.0,1783677283153.59,153.590087890625,484.560791015625,True,True,0,1094,1094,823,6584,260.58875,27871.31831285886,-7.051123,110.3993,-7.051139,110.3993,1,DELIVERY,0.0,0,0,12.77
1095,2026-07-10 16:54:43.260,1638,1783677283000.0,1783677283259.903,259.903076171875,106.31298828125,True,True,0,1095,1095,823,6584,260.6950629882812,27885.207785184564,-7.051123,110.3993,-7.051139,110.3993,1,DELIVERY,0.0,0,0,12.77
1096,2026-07-10 16:54:43.459,1639,1783677283000.0,1783677283459.446,459.446044921875,199.54296875,True,True,0,1096,1096,817,6536,260.8946059570313,27888.93228861294,-7.051123,110.3993,-7.051139,110.3993,1,DELIVERY,0.0,0,0,12.77
1097,2026-07-10 16:54:43.663,1640,1783677283000.0,1783677283663.299,663.299072265625,203.85302734375,True,True,0,1097,1097,816,6528,261.098458984375,27892.16002395409,-7.051123,110.3993,-7.051139,110.3993,1,DELIVERY,0.0,0,0,12.77
1098,2026-07-10 16:54:44.064,1642,1783677284000.0,1783677284064.196,64.196044921875,599.10302734375,True,True,0,1098,1098,820,6560,261.49935595703124,27874.485477500497,-7.051123,110.3993,-7.051139,110.3993,1,DELIVERY,0.0,0,0,12.77
1099,2026-07-10 16:54:44.277,1643,1783677284000.0,1783677284276.61,276.610107421875,212.4140625,True,True,0,1099,1099,818,6544,261.71177001953123,27876.86621604955,-7.051123,110.3993,-7.051139,110.3993,1,DELIVERY,0.0,0,0,12.77
1100,2026-07-10 16:54:44.481,1644,1783677284000.0,1783677284480.986,480.986083984375,204.3759765625,True,True,0,1100,1100,823,6584,261.91614599609375,27880.25141492769,-7.051121,110.3993,-7.051138,110.3993,1,DELIVERY,0.0,0,0,12.77
1101,2026-07-10 16:54:44.892,1645,1783677284000.0,1783677284891.785,891.784912109375,410.798828125,True,True,0,1101,1101,823,6584,262.32694482421874,27861.68994152531,-7.051121,110.3993,-7.051138,110.3993,1,DELIVERY,0.0,0,0,12.77
1102,2026-07-10 16:54:45.004,1646,1783677285000.0,1783677285004.304,4.303955078125,887.48095703125,True,True,0,1102,1102,828,6624,262.4394638671875,27874.98454768276,-7.051121,110.3993,-7.051138,110.3993,1,DELIVERY,0.0,0,0,12.77
1103,2026-07-10 16:54:45.199,1647,1783677285000.0,1783677285199.377,199.376953125,195.072998046875,True,True,0,1103,1103,826,6608,262.6345368652344,27879.44071406416,-7.051121,110.3993,-7.051138,110.3993,1,DELIVERY,0.0,0,0,12.77
1104,2026-07-10 16:54:45.473,1648,1783677285000.0,1783677285472.878,472.8779296875,273.5009765625,True,True,0,1104,1104,826,6608,262.9080378417969,27875.572234919655,-7.051121,110.3993,-7.051138,110.3993,1,DELIVERY,0.0,0,0,12.77
1105,2026-07-10 16:54:45.519,1649,1783677285000.0,1783677285518.978,518.97802734375,46.10009765625,True,True,0,1105,1105,823,6584,262.9541379394531,27895.72378468902,-7.051119,110.3993,-7.051138,110.3993,1,DELIVERY,0.0,0,0,12.77
1106,2026-07-10 16:54:45.813,1650,1783677285000.0,1783677285812.648,812.64794921875,293.669921875,True,True,0,1106,1106,824,6592,263.2478078613281,27889.645348414488,-7.051119,110.3993,-7.051138,110.3993,1,DELIVERY,0.0,0,0,12.77
1107,2026-07-10 16:54:46.018,1651,1783677286000.0,1783677286018.014,18.013916015625,794.634033203125,True,True,0,1107,1107,824,6592,263.453173828125,27892.926447696154,-7.051119,110.3993,-7.051138,110.3993,1,DELIVERY,0.0,0,0,12.78
1108,2026-07-10 16:54:46.130,1652,1783677286000.0,1783677286129.593,129.593017578125,111.5791015625,True,True,0,1108,1108,823,6584,263.5647529296875,27906.098665484868,-7.051119,110.3993,-7.051138,110.3993,1,DELIVERY,0.0,0,0,12.78
1109,2026-07-10 16:54:46.327,1653,1783677286000.0,1783677286326.956,326.9560546875,197.363037109375,True,True,0,1109,1109,820,6560,263.7621159667969,27910.088501590202,-7.051119,110.3993,-7.051138,110.3993,1,DELIVERY,0.0,0,0,12.78
1110,2026-07-10 16:54:46.535,1654,1783677286000.0,1783677286534.854,534.85400390625,207.89794921875,True,True,0,1110,1110,823,6584,263.9700139160156,27913.049253936322,-7.051119,110.3993,-7.051138,110.3993,1,DELIVERY,0.0,0,0,12.78
1111,2026-07-10 16:54:46.752,1655,1783677286000.0,1783677286751.389,751.388916015625,216.534912109375,True,True,0,1111,1111,821,6568,264.186548828125,27915.032134349487,-7.051119,110.3993,-7.051138,110.3993,1,DELIVERY,0.0,0,0,12.78
1112,2026-07-10 16:54:47.234,1656,1783677287000.0,1783677287233.736,233.736083984375,517.65283203125,True,True,0,1112,1112,829,6632,264.66889599609374,27889.215966310385,-7.051119,110.3993,-7.051138,110.3993,1,DELIVERY,0.0,0,0,12.77
1113,2026-07-10 16:54:47.355,1657,1783677287000.0,1783677287355.22,355.219970703125,121.48388671875,True,True,0,1113,1113,831,6648,264.7903798828125,27901.52725061126,-7.051114,110.3993,-7.051137,110.3993,1,DELIVERY,0.0,0,0,12.77
1114,2026-07-10 16:54:47.363,1658,1783677287000.0,1783677287363.141,363.14111328125,7.921142578125,True,True,0,1114,1114,831,6648,264.79830102539063,27925.79850914884,-7.051114,110.3993,-7.051137,110.3993,1,DELIVERY,0.0,0,0,12.77
1115,2026-07-10 16:54:47.549,1659,1783677287000.0,1783677287548.874,548.8740234375,185.73291015625,True,True,0,1115,1115,833,6664,264.98403393554685,27931.373411728895,-7.051114,110.3993,-7.051137,110.3993,1,DELIVERY,0.0,0,0,12.77
1116,2026-07-10 16:54:47.758,1660,1783677287000.0,1783677287757.589,757.589111328125,208.715087890625,True,True,0,1116,1116,830,6640,265.1927490234375,27934.428928693247,-7.051114,110.3993,-7.051137,110.3993,1,DELIVERY,0.0,0,0,12.77
1117,2026-07-10 16:54:48.176,1662,1783677288000.0,1783677288175.692,175.69189453125,581.897216796875,True,True,0,1117,1117,823,6584,265.61085180664065,27915.24498930365,-7.051114,110.3993,-7.051137,110.3993,1,DELIVERY,0.0,0,0,12.77
1118,2026-07-10 16:54:48.366,1663,1783677288000.0,1783677288365.475,365.47509765625,189.783203125,True,True,0,1118,1118,821,6568,265.80063500976564,27920.02359109241,-7.051114,110.3993,-7.051137,110.3993,1,DELIVERY,0.0,0,0,12.77
1119,2026-07-10 16:54:48.597,1664,1783677288000.0,1783677288597.057,597.056884765625,231.581787109375,True,True,0,1119,1119,823,6584,266.032216796875,27920.46801486207,-7.051112,110.3993,-7.051137,110.3993,1,DELIVERY,0.0,0,0,12.77
1120,2026-07-10 16:54:48.778,1665,1783677288000.0,1783677288777.8,777.800048828125,180.7431640625,True,True,0,1120,1120,821,6568,266.2129599609375,27926.18361288972,-7.051112,110.3993,-7.051137,110.3993,1,DELIVERY,0.0,0,0,12.77
1121,2026-07-10 16:54:49.192,1666,1783677289000.0,1783677289191.984,191.98388671875,585.816162109375,True,True,0,1121,1121,821,6568,266.6271437988281,27907.43618216978,-7.051112,110.3993,-7.051137,110.3993,1,DELIVERY,0.0,0,0,12.77
1122,2026-07-10 16:54:49.208,1667,1783677289000.0,1783677289207.484,207.48388671875,15.5,True,True,0,1122,1122,821,6568,266.64264379882815,27930.446135310674,-7.051112,110.3993,-7.051137,110.3993,1,DELIVERY,0.0,0,0,12.77
1123,2026-07-10 16:54:49.402,1668,1783677289000.0,1783677289401.58,401.580078125,194.09619140625,True,True,0,1123,1123,826,6608,266.8367399902344,27934.893824114333,-7.051112,110.3993,-7.051136,110.3993,1,DELIVERY,0.0,0,0,12.77
1124,2026-07-10 16:54:49.704,1669,1783677289000.0,1783677289703.612,703.612060546875,302.031982421875,True,True,0,1124,1124,824,6592,267.13877197265623,27927.986435318555,-7.051112,110.3993,-7.051136,110.3993,1,DELIVERY,0.0,0,0,12.77
1125,2026-07-10 16:54:50.022,1671,1783677290000.0,1783677290022.178,22.177978515625,681.43408203125,True,True,0,1125,1125,826,6608,267.457337890625,27919.428417603136,-7.051112,110.3993,-7.051136,110.3993,1,DELIVERY,0.0,0,0,12.77
1126,2026-07-10 16:54:50.318,1672,1783677290000.0,1783677290317.942,317.94189453125,295.763916015625,True,True,0,1126,1126,823,6584,267.75310180664064,27913.178034431414,-7.051112,110.3993,-7.051136,110.3993,1,DELIVERY,0.0,0,0,12.77
1127,2026-07-10 16:54:50.425,1673,1783677290000.0,1783677290424.983,424.98291015625,107.041015625,True,True,0,1127,1127,816,6528,267.86014282226563,27926.394428018655,-7.051111,110.3993,-7.051136,110.3993,1,DELIVERY,0.0,0,0,12.77
1128,2026-07-10 16:54:50.621,1674,1783677290000.0,1783677290621.246,621.24609375,196.26318359375,True,True,0,1128,1128,816,6528,268.0564060058594,27930.300609329013,-7.051111,110.3993,-7.051136,110.3993,1,DELIVERY,0.0,0,0,12.77
1129,2026-07-10 16:54:51.051,1676,1783677291000.0,1783677291050.554,50.553955078125,570.692138671875,True,True,0,1129,1129,818,6544,268.4857138671875,27910.013877709705,-7.051111,110.3993,-7.051136,110.3993,1,DELIVERY,0.0,0,0,12.77
1130,2026-07-10 16:54:51.499,1677,1783677291000.0,1783677291499.187,499.18701171875,448.633056640625,True,True,0,1130,1130,822,6576,268.9343469238281,27887.906791334,-7.051111,110.3993,-7.051136,110.3993,1,DELIVERY,0.0,0,0,12.77
1131,2026-07-10 16:54:51.568,1678,1783677291000.0,1783677291568.561,568.56103515625,69.3740234375,True,True,0,1131,1131,822,6576,269.0037209472656,27905.16046977492,-7.051111,110.3993,-7.051136,110.3993,1,DELIVERY,0.0,0,0,12.77
1132,2026-07-10 16:54:51.641,1679,1783677291000.0,1783677291641.106,641.10595703125,72.544921875,True,True,0,1132,1132,823,6584,269.0762658691406,27922.105934285075,-7.051111,110.3993,-7.051136,110.3993,1,DELIVERY,0.0,0,0,12.77
1133,2026-07-10 16:54:52.067,1681,1783677292000.0,1783677292066.703,66.702880859375,574.403076171875,True,True,0,1133,1133,823,6584,269.5018627929687,27902.44164574357,-7.051111,110.3993,-7.051136,110.3993,1,DELIVERY,0.0,0,0,12.77
1134,2026-07-10 16:54:52.367,1682,1783677292000.0,1783677292366.715,366.715087890625,300.01220703125,True,True,0,1134,1134,817,6536,269.801875,27895.640087749576,-7.051111,110.3993,-7.051136,110.3993,1,DELIVERY,0.0,0,0,12.77
1135,2026-07-10 16:54:52.574,1683,1783677292000.0,1783677292573.958,573.9580078125,207.242919921875,True,True,0,1135,1135,817,6536,270.0091179199219,27898.435645547546,-7.051111,110.3993,-7.051136,110.3993,1,DELIVERY,0.0,0,0,12.77
1136,2026-07-10 16:54:52.679,1684,1783677292000.0,1783677292678.818,678.818115234375,104.860107421875,True,True,0,1136,1136,818,6544,270.11397802734376,27911.832090513974,-7.051111,110.3993,-7.051136,110.3993,1,DELIVERY,0.0,0,0,12.77
1137,2026-07-10 16:54:53.091,1686,1783677293000.0,1783677293090.85,90.85009765625,587.968017578125,True,True,0,1137,1137,815,6520,270.5260100097656,27893.42141159589,-7.051111,110.3993,-7.051136,110.3993,1,DELIVERY,0.0,0,0,12.77
1138,2026-07-10 16:54:53.288,1687,1783677293000.0,1783677293287.847,287.846923828125,196.996826171875,True,True,0,1138,1138,817,6536,270.7230068359375,27897.266982472956,-7.051111,110.3993,-7.051136,110.3993,1,DELIVERY,0.0,0,0,12.77
1139,2026-07-10 16:54:53.700,1688,1783677293000.0,1783677293699.449,699.448974609375,411.60205078125,True,True,0,1139,1139,815,6520,271.13460888671875,27878.963998868046,-7.051111,110.3993,-7.051136,110.3993,1,DELIVERY,0.0,0,0,12.77
1140,2026-07-10 16:54:53.908,1689,1783677293000.0,1783677293908.038,908.0380859375,208.589111328125,True,True,0,1140,1140,819,6552,271.3431979980469,27881.679201165956,-7.051111,110.3993,-7.051136,110.3993,1,DELIVERY,0.0,0,0,12.77
1141,2026-07-10 16:54:54.115,1691,1783677294000.0,1783677294114.857,114.85693359375,793.18115234375,True,True,0,1141,1141,819,6552,271.5500168457031,27884.572013495777,-7.051111,110.3993,-7.051136,110.3993,1,DELIVERY,0.0,0,0,12.77
1142,2026-07-10 16:54:54.329,1692,1783677294000.0,1783677294329.24,329.239990234375,214.383056640625,True,True,0,1142,1142,823,6584,271.76439990234377,27886.801960533903,-7.051111,110.3993,-7.051136,110.3993,1,DELIVERY,0.0,0,0,12.77
1143,2026-07-10 16:54:54.619,1693,1783677294000.0,1783677294618.964,618.964111328125,289.72412109375,True,True,0,1143,1143,820,6560,272.0541240234375,27881.216751364274,-7.051111,110.3993,-7.051136,110.3993,1,DELIVERY,0.0,0,0,12.77
1144,2026-07-10 16:54:55.029,1694,1783677294000.0,1783677295028.764,1028.763916015625,409.7998046875,True,True,0,1144,1144,820,6560,272.463923828125,27863.358544263694,-7.051111,110.3993,-7.051136,110.3993,1,DELIVERY,0.0,0,0,12.77
1145,2026-07-10 16:54:55.137,1695,1783677295000.0,1783677295136.538,136.5380859375,892.225830078125,True,True,0,1145,1145,820,6560,272.5716979980469,27876.408503917548,-7.051111,110.3993,-7.051136,110.3993,1,DELIVERY,0.0,0,0,12.77
1146,2026-07-10 16:54:55.148,1696,1783677295000.0,1783677295148.25,148.25,11.7119140625,True,True,0,1146,1146,821,6568,272.5834099121094,27899.30613331195,-7.051111,110.3993,-7.051136,110.3993,1,DELIVERY,0.0,0,0,12.77
1147,2026-07-10 16:54:55.350,1697,1783677295000.0,1783677295350.158,350.157958984375,201.907958984375,True,True,0,1147,1147,821,6568,272.78531787109375,27902.733400031582,-7.051111,110.3993,-7.051136,110.3993,1,DELIVERY,0.0,0,0,12.77
1148,2026-07-10 16:54:55.557,1698,1783677295000.0,1783677295557.247,557.2470703125,207.089111328125,True,True,0,1148,1148,820,6560,272.99240698242187,27905.59665819031,-7.051111,110.3993,-7.051136,110.3993,1,DELIVERY,0.0,0,0,12.77
1149,2026-07-10 16:54:55.861,1699,1783677295000.0,1783677295861.301,861.301025390625,304.053955078125,True,True,0,1149,1149,817,6536,273.2964609375,27898.46591443295,-7.051111,110.3993,-7.051136,110.3993,1,DELIVERY,0.0,0,0,12.77
1150,2026-07-10 16:54:56.053,1700,1783677296000.0,1783677296053.216,53.216064453125,808.0849609375,True,True,0,1150,1150,824,6592,273.4883759765625,27902.99212078387,-7.05111,110.3993,-7.051135,110.3993,1,DELIVERY,0.0,0,0,12.77
1151,2026-07-10 16:54:56.175,1701,1783677296000.0,1783677296175.302,175.302001953125,122.0859375,True,True,0,1151,1151,821,6568,273.6104619140625,27914.546638932636,-7.05111,110.3993,-7.051135,110.3993,1,DELIVERY,0.0,0,0,12.77
1152,2026-07-10 16:54:56.375,1702,1783677296000.0,1783677296375.044,375.0439453125,199.741943359375,True,True,0,1152,1152,821,6568,273.81020385742187,27918.170660946296,-7.05111,110.3993,-7.051135,110.3993,1,DELIVERY,0.0,0,0,12.77
1153,2026-07-10 16:54:56.579,1703,1783677296000.0,1783677296578.621,578.62109375,203.5771484375,True,True,0,1153,1153,818,6544,274.01378100585936,27921.31100820947,-7.05111,110.3993,-7.051135,110.3993,1,DELIVERY,0.0,0,0,12.77
1154,2026-07-10 16:54:56.873,1704,1783677296000.0,1783677296873.113,873.113037109375,294.491943359375,True,True,0,1154,1154,818,6544,274.30827294921875,27915.191611510632,-7.05111,110.3993,-7.051135,110.3993,1,DELIVERY,0.0,0,0,12.77
1155,2026-07-10 16:54:57.282,1705,1783677297000.0,1783677297281.901,281.90087890625,591.212158203125,True,True,0,1155,1155,818,6544,274.7170607910156,27897.473778776835,-7.05111,110.3993,-7.051135,110.3993,1,DELIVERY,0.0,0,0,12.77
1156,2026-07-10 16:54:57.795,1706,1783677297000.0,1783677297794.737,794.737060546875,512.836181640625,True,True,0,1156,1156,818,6544,275.22989697265626,27869.268870750802,-7.05111,110.3993,-7.051135,110.3993,1,DELIVERY,0.0,0,0,12.77
1157,2026-07-10 16:54:57.796,1707,1783677297000.0,1783677297795.851,795.85107421875,1.114013671875,True,True,0,1157,1157,818,6544,275.2310109863281,27892.932458767697,-7.05111,110.3993,-7.051135,110.3993,1,DELIVERY,0.0,0,0,12.77
1158,2026-07-10 16:54:57.808,1708,1783677297000.0,1783677297807.835,807.8349609375,11.98388671875,True,True,0,1158,1158,819,6552,275.2429948730469,27915.52244061275,-7.051111,110.3993,-7.051135,110.3993,1,DELIVERY,0.0,0,0,12.77
1159,2026-07-10 16:54:58.101,1710,1783677298000.0,1783677298100.655,100.655029296875,707.179931640625,True,True,0,1159,1159,823,6584,275.5358149414063,27909.75104864439,-7.051111,110.3993,-7.051135,110.3993,1,DELIVERY,0.0,0,0,12.77
1160,2026-07-10 16:54:58.409,1711,1783677298000.0,1783677298408.376,408.3759765625,307.720947265625,True,True,0,1160,1160,823,6584,275.84353588867185,27902.48455597789,-7.051111,110.3993,-7.051135,110.3993,1,DELIVERY,0.0,0,0,12.77
1161,2026-07-10 16:54:58.716,1712,1783677298000.0,1783677298715.908,715.907958984375,307.531982421875,True,True,0,1161,1161,823,6584,276.15106787109374,27895.253345881945,-7.051111,110.3993,-7.051135,110.3993,1,DELIVERY,0.0,0,0,12.77
1162,2026-07-10 16:54:58.923,1713,1783677298000.0,1783677298923.465,923.465087890625,207.55712890625,True,True,0,1162,1162,823,6584,276.358625,27898.12693560767,-7.051111,110.3993,-7.051135,110.3993,1,DELIVERY,0.0,0,0,12.77
1163,2026-07-10 16:54:59.116,1714,1783677299000.0,1783677299115.837,115.8369140625,807.628173828125,True,True,0,1163,1163,823,6584,276.55099682617185,27902.528244547404,-7.051111,110.3993,-7.051135,110.3993,1,DELIVERY,0.0,0,0,12.77
1164,2026-07-10 16:54:59.132,1715,1783677299000.0,1783677299132.037,132.037109375,16.2001953125,True,True,0,1164,1164,822,6576,276.5671970214844,27924.671049835513,-7.051111,110.3993,-7.051135,110.3993,1,DELIVERY,0.0,0,0,12.77
1165,2026-07-10 16:54:59.247,1716,1783677299000.0,1783677299246.982,246.98193359375,114.94482421875,True,True,0,1165,1165,821,6568,276.68214184570314,27936.808456219635,-7.051111,110.3993,-7.051135,110.3993,1,DELIVERY,0.0,0,0,12.77
1166,2026-07-10 16:54:59.743,1717,1783677299000.0,1783677299742.228,742.22802734375,495.24609375,True,True,0,1166,1166,820,6560,277.1773879394531,27910.55957887119,-7.051111,110.3993,-7.051135,110.3993,1,DELIVERY,0.0,0,0,12.77
1167,2026-07-10 16:54:59.855,1718,1783677299000.0,1783677299855.525,855.52490234375,113.296875,True,True,0,1167,1167,819,6552,277.29068481445313,27922.784370419748,-7.051109,110.3993,-7.051134,110.3993,1,DELIVERY,0.0,0,0,12.77
1168,2026-07-10 16:55:00.070,1720,1783677300000.0,1783677300070.209,70.208984375,785.31591796875,True,True,0,1168,1168,821,6568,277.50536889648436,27924.850718440186,-7.051109,110.3993,-7.051134,110.3993,1,DELIVERY,0.0,0,0,12.77
1169,2026-07-10 16:55:00.457,1721,1783677300000.0,1783677300456.956,456.9560546875,386.7470703125,True,True,0,1169,1169,819,6552,277.8921159667969,27909.56473528268,-7.051109,110.3993,-7.051134,110.3993,1,DELIVERY,0.0,0,0,12.77
1170,2026-07-10 16:55:00.565,1722,1783677300000.0,1783677300564.662,564.662109375,107.7060546875,True,True,0,1170,1170,819,6552,277.99982202148436,27922.320034435514,-7.051109,110.3993,-7.051134,110.3993,1,DELIVERY,0.0,0,0,12.77
1171,2026-07-10 16:55:00.719,1723,1783677300000.0,1783677300718.04,718.0400390625,153.3779296875,True,True,0,1171,1171,821,6568,278.15319995117187,27930.536126723677,-7.051109,110.3993,-7.051134,110.3993,1,DELIVERY,0.0,0,0,12.77
1172,2026-07-10 16:55:01.174,1725,1783677301000.0,1783677301174.125,174.125,543.9150390625,True,True,0,1172,1172,833,6664,278.6092849121094,27908.732483387677,-7.051106,110.3993,-7.051133,110.3993,1,DELIVERY,0.001,0,0,12.77
1173,2026-07-10 16:55:01.380,1726,1783677301000.0,1783677301379.687,379.68701171875,205.56201171875,True,True,0,1173,1173,829,6632,278.8148469238281,27911.942587928632,-7.051106,110.3993,-7.051133,110.3993,1,DELIVERY,0.001,0,0,12.77
1174,2026-07-10 16:55:01.616,1727,1783677301000.0,1783677301615.481,615.48095703125,235.7939453125,True,True,0,1174,1174,829,6632,279.05064086914064,27912.123676693373,-7.051106,110.3993,-7.051133,110.3993,1,DELIVERY,0.001,0,0,12.77
1175,2026-07-10 16:55:01.993,1728,1783677301000.0,1783677301992.695,992.695068359375,377.214111328125,True,True,0,1175,1175,829,6632,279.42785498046874,27898.177869721996,-7.051106,110.3993,-7.051133,110.3993,1,DELIVERY,0.001,0,0,12.77
1176,2026-07-10 16:55:02.300,1729,1783677302000.0,1783677302300.035,300.034912109375,692.66015625,True,True,0,1176,1176,823,6584,279.73519482421875,27891.06320676855,-7.051106,110.3993,-7.051133,110.3993,1,DELIVERY,0.0,0,0,12.77
1177,2026-07-10 16:55:02.541,1730,1783677302000.0,1783677302540.72,540.719970703125,240.68505859375,True,True,0,1177,1177,823,6584,279.9758798828125,27890.60258786732,-7.051106,110.3993,-7.051133,110.3993,1,DELIVERY,0.0,0,0,12.77
1178,2026-07-10 16:55:02.542,1731,1783677302000.0,1783677302542.157,542.156982421875,1.43701171875,True,True,0,1178,1178,823,6584,279.97731689453127,27913.97562733288,-7.051106,110.3993,-7.051133,110.3993,1,DELIVERY,0.0,0,0,12.77
1179,2026-07-10 16:55:02.549,1732,1783677302000.0,1783677302549.163,549.1630859375,7.006103515625,True,True,0,1179,1179,823,6584,279.9843229980469,27936.792732693695,-7.051106,110.3993,-7.051133,110.3993,1,DELIVERY,0.0,0,0,12.77
1180,2026-07-10 16:55:02.741,1733,1783677302000.0,1783677302741.162,741.162109375,191.9990234375,True,True,0,1180,1180,827,6616,280.1763220214844,27941.26192933498,-7.051106,110.3993,-7.051133,110.3993,1,DELIVERY,0.0,0,0,12.77
1181,2026-07-10 16:55:03.016,1734,1783677303000.0,1783677303015.866,15.865966796875,725.296142578125,True,True,0,1181,1181,822,6576,280.45102587890625,27937.341200466984,-7.051106,110.3993,-7.051133,110.3993,1,DELIVERY,0.0,0,0,12.77
1182,2026-07-10 16:55:03.323,1735,1783677303000.0,1783677303323.321,323.321044921875,307.455078125,True,True,0,1182,1182,822,6576,280.7584809570312,27930.169636443236,-7.051106,110.3993,-7.051133,110.3993,1,DELIVERY,0.0,0,0,12.77
1183,2026-07-10 16:55:03.528,1736,1783677303000.0,1783677303528.173,528.173095703125,204.85205078125,True,True,0,1183,1183,822,6576,280.9633330078125,27933.210771605463,-7.051106,110.3993,-7.051133,110.3993,1,DELIVERY,0.0,0,0,12.77
1184,2026-07-10 16:55:03.636,1737,1783677303000.0,1783677303636.456,636.4560546875,108.282958984375,True,True,0,1184,1184,820,6560,281.07161596679686,27945.788737799438,-7.051106,110.3993,-7.051133,110.3993,1,DELIVERY,0.0,0,0,12.77
1185,2026-07-10 16:55:03.841,1738,1783677303000.0,1783677303840.88,840.8798828125,204.423828125,True,True,0,1185,1185,820,6560,281.27603979492187,27948.800778522364,-7.051106,110.3993,-7.051133,110.3993,1,DELIVERY,0.0,0,0,12.77
1186,2026-07-10 16:55:04.245,1740,1783677304000.0,1783677304244.504,244.50390625,596.3759765625,True,True,0,1186,1186,823,6584,281.67966381835936,27932.126492005504,-7.051106,110.3993,-7.051133,110.3993,1,DELIVERY,0.0,0,0,12.77
1187,2026-07-10 16:55:04.381,1741,1783677304000.0,1783677304381.302,381.302001953125,136.798095703125,True,True,0,1187,1187,821,6568,281.8164619140625,27941.873751864983,-7.051106,110.3993,-7.051133,110.3993,1,DELIVERY,0.0,0,0,12.77
1188,2026-07-10 16:55:04.628,1742,1783677304000.0,1783677304627.958,627.9580078125,246.656005859375,True,True,0,1188,1188,823,6584,282.06311791992186,27940.781687868337,-7.051106,110.3993,-7.051133,110.3993,1,DELIVERY,0.0,0,0,12.77
1189,2026-07-10 16:55:05.372,1745,1783677305000.0,1783677305372.211,372.2109375,255.7470703125,True,True,0,1189,1189,821,6568,282.80737084960936,27890.47533062519,-7.051109,110.3993,-7.051133,110.3993,1,DELIVERY,0.0,0,0,12.77
1190,2026-07-10 16:55:05.480,1746,1783677305000.0,1783677305479.742,479.741943359375,107.531005859375,True,True,0,1190,1190,821,6568,282.91490185546877,27903.090110229925,-7.051109,110.3993,-7.051133,110.3993,1,DELIVERY,0.0,0,0,12.77
1191,2026-07-10 16:55:05.611,1747,1783677305000.0,1783677305610.852,610.85205078125,131.110107421875,True,True,0,1191,1191,821,6568,283.04601196289065,27913.36979174908,-7.051109,110.3993,-7.051133,110.3993,1,DELIVERY,0.0,0,0,12.77
1192,2026-07-10 16:55:06.190,1749,1783677306000.0,1783677306190.444,190.444091796875,420.407958984375,True,True,0,1192,1192,820,6560,283.62560400390623,27879.457596117085,-7.051109,110.3993,-7.051133,110.3993,1,DELIVERY,0.0,0,0,12.77
1193,2026-07-10 16:55:06.501,1750,1783677306000.0,1783677306500.039,500.0390625,309.594970703125,True,True,0,1193,1193,820,6560,283.93519897460936,27872.162481368476,-7.051109,110.3993,-7.051133,110.3993,1,DELIVERY,0.0,0,0,12.77
1194,2026-07-10 16:55:06.607,1751,1783677306000.0,1783677306607.138,607.137939453125,107.098876953125,True,True,0,1194,1194,820,6560,284.0422978515625,27884.748362862287,-7.051109,110.3993,-7.051133,110.3993,1,DELIVERY,0.0,0,0,12.77
1195,2026-07-10 16:55:06.629,1752,1783677306000.0,1783677306628.666,628.666015625,21.528076171875,True,True,0,1195,1195,820,6560,284.0638259277344,27905.72848940162,-7.051109,110.3993,-7.051133,110.3993,1,DELIVERY,0.0,0,0,12.77
1196,2026-07-10 16:55:07.394,1754,1783677307000.0,1783677307393.938,393.93798828125,234.72802734375,True,True,0,1196,1196,822,6576,284.82909790039065,27853.83957777552,-7.051109,110.3993,-7.051133,110.3993,1,DELIVERY,0.0,0,0,12.77
1197,2026-07-10 16:55:07.630,1755,1783677307000.0,1783677307630.173,630.173095703125,236.235107421875,True,True,0,1197,1197,822,6576,285.0653330078125,27853.82535372125,-7.051109,110.3993,-7.051133,110.3993,1,DELIVERY,0.0,0,0,12.77
1198,2026-07-10 16:55:07.632,1756,1783677307000.0,1783677307631.586,631.5859375,1.412841796875,True,True,0,1198,1198,822,6576,285.0667458496094,27876.755586891228,-7.051109,110.3993,-7.051133,110.3993,1,DELIVERY,0.0,0,0,12.77
1199,2026-07-10 16:55:07.933,1757,1783677307000.0,1783677307932.895,932.89501953125,301.30908203125,True,True,0,1199,1199,823,6584,285.36805493164064,27870.393558610485,-7.051109,110.3993,-7.051133,110.3993,1,DELIVERY,0.0,0,0,12.77
1200,2026-07-10 16:55:08.109,1758,1783677308000.0,1783677308109.29,109.2900390625,823.60498046875,True,True,0,1200,1200,823,6584,285.5444499511719,27876.2343353588,-7.051109,110.3993,-7.051133,110.3993,1,DELIVERY,0.0,0,0,12.77
1201,2026-07-10 16:55:08.160,1759,1783677308000.0,1783677308160.072,160.072021484375,50.781982421875,True,True,0,1201,1201,823,6584,285.59523193359377,27894.33123957881,-7.051109,110.3993,-7.051133,110.3993,1,DELIVERY,0.0,0,0,12.77
1202,2026-07-10 16:55:08.260,1760,1783677308000.0,1783677308259.731,259.73095703125,99.658935546875,True,True,0,1202,1202,822,6576,285.69489086914064,27907.61842378194,-7.051109,110.3993,-7.051133,110.3993,1,DELIVERY,0.0,0,0,12.77
1203,2026-07-10 16:55:08.561,1761,1783677308000.0,1783677308561.345,561.344970703125,301.614013671875,True,True,0,1203,1203,823,6584,285.9965048828125,27901.20810486713,-7.051109,110.3993,-7.051133,110.3993,1,DELIVERY,0.0,0,0,12.77
1204,2026-07-10 16:55:08.755,1762,1783677308000.0,1783677308755.171,755.1708984375,193.825927734375,True,True,0,1204,1204,822,6576,286.19033081054687,27905.28938340249,-7.051109,110.3993,-7.051133,110.3993,1,DELIVERY,0.0,0,0,12.77
1205,2026-07-10 16:55:09.114,1764,1783677309000.0,1783677309114.439,114.43896484375,640.73193359375,True,True,0,1205,1205,826,6608,286.5495988769531,27893.363073358174,-7.051113,110.3993,-7.051132,110.3993,1,DELIVERY,0.0,0,0,12.77
1206,2026-07-10 16:55:09.365,1765,1783677309000.0,1783677309364.865,364.864990234375,250.426025390625,True,True,0,1206,1206,825,6600,286.80002490234375,27892.019893386794,-7.051113,110.3993,-7.051132,110.3993,1,DELIVERY,0.0,0,0,12.77
1207,2026-07-10 16:55:09.488,1766,1783677309000.0,1783677309488.228,488.22802734375,123.363037109375,True,True,0,1207,1207,829,6632,286.9233879394531,27903.141871757936,-7.051113,110.3993,-7.051132,110.3993,1,DELIVERY,0.0,0,0,12.77
1208,2026-07-10 16:55:09.979,1767,1783677309000.0,1783677309979.067,979.06689453125,490.8388671875,True,True,0,1208,1208,826,6608,287.4142268066406,27878.48078721088,-7.051113,110.3993,-7.051132,110.3993,1,DELIVERY,0.0,0,0,12.77
1209,2026-07-10 16:55:10.086,1768,1783677310000.0,1783677310085.541,85.541015625,893.52587890625,True,True,0,1209,1209,823,6584,287.52070092773437,27891.05610178505,-7.051113,110.3993,-7.051132,110.3993,1,DELIVERY,0.0,0,0,12.77
1210,2026-07-10 16:55:10.102,1769,1783677310000.0,1783677310101.748,101.748046875,16.20703125,True,True,0,1210,1210,829,6632,287.5369079589844,27912.548886228025,-7.051115,110.3993,-7.051131,110.3993,1,DELIVERY,0.0,0,0,12.77
1211,2026-07-10 16:55:10.492,1770,1783677310000.0,1783677310491.656,491.656005859375,389.907958984375,True,True,0,1211,1211,826,6608,287.9268159179687,27897.70023466131,-7.051115,110.3993,-7.051131,110.3993,1,DELIVERY,0.0,0,0,12.77
1212,2026-07-10 16:55:10.703,1771,1783677310000.0,1783677310702.79,702.7900390625,211.134033203125,True,True,0,1212,1212,826,6608,288.1379499511719,27900.19156227881,-7.051115,110.3993,-7.051131,110.3993,1,DELIVERY,0.0,0,0,12.77
1213,2026-07-10 16:55:10.721,1772,1783677310000.0,1783677310721.458,721.4580078125,18.66796875,True,True,0,1213,1213,827,6616,288.15661791992187,27921.343809760736,-7.051115,110.3993,-7.051131,110.3993,1,DELIVERY,0.0,0,0,12.77
1214,2026-07-10 16:55:11.003,1773,1783677311000.0,1783677311002.928,2.927978515625,718.530029296875,True,True,0,1214,1214,822,6576,288.438087890625,27916.89564608891,-7.051115,110.3993,-7.051131,110.3993,1,DELIVERY,0.0,0,0,12.77
1215,2026-07-10 16:55:11.303,1774,1783677311000.0,1783677311302.461,302.4609375,299.532958984375,True,True,0,1215,1215,821,6568,288.73762084960936,27910.682287562053,-7.051115,110.3993,-7.051131,110.3993,1,DELIVERY,0.0,0,0,12.77
1216,2026-07-10 16:55:11.720,1775,1783677311000.0,1783677311719.962,719.9619140625,417.5009765625,True,True,0,1216,1216,821,6568,289.15512182617186,27893.09748021204,-7.051115,110.3993,-7.051131,110.3993,1,DELIVERY,0.0,0,0,12.77
1217,2026-07-10 16:55:11.831,1776,1783677311000.0,1783677311831.063,831.06298828125,111.10107421875,True,True,0,1217,1217,821,6568,289.26622290039063,27905.09005532806,-7.051116,110.3993,-7.051131,110.3993,1,DELIVERY,0.0,0,0,12.77
1218,2026-07-10 16:55:11.832,1777,1783677311000.0,1783677311832.398,832.39794921875,1.3349609375,True,True,0,1218,1218,821,6568,289.2675578613281,27927.666896793115,-7.051116,110.3993,-7.051131,110.3993,1,DELIVERY,0.0,0,0,12.77
1219,2026-07-10 16:55:12.135,1778,1783677312000.0,1783677312135.284,135.283935546875,697.114013671875,True,True,0,1219,1219,823,6584,289.57044384765624,27921.192137460064,-7.051116,110.3993,-7.051131,110.3993,1,DELIVERY,0.0,0,0,12.77
1220,2026-07-10 16:55:12.437,1779,1783677312000.0,1783677312436.726,436.72607421875,301.442138671875,True,True,0,1220,1220,823,6584,289.87188598632815,27914.86995182985,-7.051116,110.3993,-7.051131,110.3993,1,DELIVERY,0.0,0,0,12.77
1221,2026-07-10 16:55:12.641,1780,1783677312000.0,1783677312640.91,640.909912109375,204.183837890625,True,True,0,1221,1221,820,6560,290.07606982421873,27917.835500554847,-7.051118,110.3993,-7.051131,110.3993,1,DELIVERY,0.0,0,0,12.77
1222,2026-07-10 16:55:12.954,1781,1783677312000.0,1783677312953.29,953.2900390625,312.380126953125,True,True,0,1222,1222,820,6560,290.3884499511719,27910.393823730978,-7.051118,110.3993,-7.051131,110.3993,1,DELIVERY,0.0,0,0,12.77
1223,2026-07-10 16:55:12.955,1782,1783677312000.0,1783677312954.975,954.97509765625,1.68505859375,True,True,0,1223,1223,820,6560,290.39013500976563,27932.822166039554,-7.051118,110.3993,-7.051131,110.3993,1,DELIVERY,0.0,0,0,12.77
1224,2026-07-10 16:55:13.060,1783,1783677313000.0,1783677313059.798,59.798095703125,895.177001953125,True,True,0,1224,1224,820,6560,290.4949580078125,27945.324957349785,-7.051118,110.3993,-7.051131,110.3993,1,DELIVERY,0.0,0,0,12.77
1225,2026-07-10 16:55:13.259,1784,1783677313000.0,1783677313259.334,259.333984375,199.535888671875,True,True,0,1225,1225,822,6576,290.6944938964844,27948.76466732505,-7.051118,110.3993,-7.051131,110.3993,1,DELIVERY,0.0,0,0,12.77
1226,2026-07-10 16:55:13.564,1785,1783677313000.0,1783677313564.484,564.48388671875,305.14990234375,True,True,0,1226,1226,822,6576,290.9996437988281,27942.05482128066,-7.051118,110.3993,-7.051131,110.3993,1,DELIVERY,0.0,0,0,12.77
1227,2026-07-10 16:55:13.803,1786,1783677313000.0,1783677313802.681,802.680908203125,238.197021484375,True,True,0,1227,1227,822,6576,291.2378408203125,27941.78111291791,-7.051118,110.3993,-7.051131,110.3993,1,DELIVERY,0.0,0,0,12.77
1228,2026-07-10 16:55:14.329,1788,1783677314000.0,1783677314329.283,329.282958984375,473.39794921875,True,True,0,1228,1228,822,6576,291.76444287109376,27913.88806619686,-7.051118,110.3993,-7.051131,110.3993,1,DELIVERY,0.0,0,0,12.77
1229,2026-07-10 16:55:14.473,1789,1783677314000.0,1783677314473.448,473.447998046875,144.1650390625,True,True,0,1229,1229,826,6608,291.90860791015626,27922.739443533927,-7.051118,110.3993,-7.051131,110.3993,1,DELIVERY,0.0,0,0,12.77
1230,2026-07-10 16:55:14.526,1790,1783677314000.0,1783677314526.28,526.280029296875,52.83203125,True,True,0,1230,1230,823,6584,291.96143994140624,27940.237593146285,-7.051124,110.3993,-7.05113,110.3993,1,DELIVERY,0.0,0,0,12.77
1231,2026-07-10 16:55:14.617,1791,1783677314000.0,1783677314616.597,616.596923828125,90.31689453125,True,True,0,1231,1231,824,6592,292.0517568359375,27954.16842702381,-7.051124,110.3993,-7.05113,110.3993,1,DELIVERY,0.0,0,0,12.77
1232,2026-07-10 16:55:15.003,1792,1783677315000.0,1783677315002.865,2.864990234375,613.73193359375,True,True,0,1232,1232,822,6576,292.4380249023437,27939.731855077636,-7.051124,110.3993,-7.05113,110.3993,1,DELIVERY,0.0,0,0,12.77
1233,2026-07-10 16:55:15.304,1793,1783677315000.0,1783677315304.232,304.23193359375,301.366943359375,True,True,0,1233,1233,822,6576,292.73939184570315,27933.432355800072,-7.051124,110.3993,-7.05113,110.3993,1,DELIVERY,0.0,0,0,12.77
1234,2026-07-10 16:55:15.509,1794,1783677315000.0,1783677315508.865,508.864990234375,204.633056640625,True,True,0,1234,1234,823,6584,292.94402490234376,27936.3950253915,-7.051124,110.3993,-7.05113,110.3993,1,DELIVERY,0.0,0,0,12.77
1235,2026-07-10 16:55:15.810,1795,1783677315000.0,1783677315809.719,809.718994140625,300.85400390625,True,True,0,1235,1235,823,6584,293.24487890625,27930.185961127918,-7.051124,110.3993,-7.05113,110.3993,1,DELIVERY,0.0,0,0,12.77
1236,2026-07-10 16:55:15.811,1796,1783677315000.0,1783677315810.858,810.85791015625,1.138916015625,True,True,0,1236,1236,830,6640,293.2460178222656,27952.720588922573,-7.051124,110.3993,-7.05113,110.3993,1,DELIVERY,0.001,0,0,12.77
1237,2026-07-10 16:55:16.058,1798,1783677316000.0,1783677316057.471,57.470947265625,753.386962890625,True,True,0,1237,1237,827,6616,293.492630859375,27951.775061537126,-7.051124,110.3993,-7.05113,110.3993,1,DELIVERY,0.001,0,0,12.77
1238,2026-07-10 16:55:16.328,1799,1783677316000.0,1783677316328.184,328.18408203125,270.713134765625,True,True,0,1238,1238,834,6672,293.7633439941406,27948.728688776646,-7.051124,110.3993,-7.05113,110.3993,1,DELIVERY,0.001,0,0,12.77
1239,2026-07-10 16:55:16.762,1800,1783677316000.0,1783677316761.716,761.716064453125,433.531982421875,True,True,0,1239,1239,830,6640,294.1968759765625,27930.113033065012,-7.051124,110.3993,-7.05113,110.3993,1,DELIVERY,0.005,0,0,12.77
1240,2026-07-10 16:55:16.845,1801,1783677316000.0,1783677316844.914,844.9140625,83.197998046875,True,True,0,1240,1240,832,6656,294.28007397460937,27944.83462278026,-7.051124,110.3993,-7.05113,110.3993,1,DELIVERY,0.002,0,0,12.77
1241,2026-07-10 16:55:17.357,1803,1783677317000.0,1783677317357.295,357.294921875,487.619140625,True,True,0,1241,1241,831,6648,294.7924548339844,27918.814966397153,-7.051124,110.3993,-7.05113,110.3993,1,DELIVERY,0.002,0,0,12.77
1242,2026-07-10 16:55:17.558,1804,1783677317000.0,1783677317558.64,558.639892578125,201.344970703125,True,True,0,1242,1242,831,6648,294.9937998046875,27922.295334524228,-7.051124,110.3993,-7.05113,110.3993,1,DELIVERY,0.001,0,0,12.77
1243,2026-07-10 16:55:17.569,1805,1783677317000.0,1783677317568.686,568.68603515625,10.046142578125,True,True,0,1243,1243,823,6584,295.00384594726563,27943.662814055624,-7.051124,110.3993,-7.05113,110.3993,1,DELIVERY,0.0,0,0,12.77
1244,2026-07-10 16:55:17.761,1806,1783677317000.0,1783677317761.555,761.554931640625,192.868896484375,True,True,0,1244,1244,818,6544,295.19671484375,27947.573889386975,-7.051124,110.3993,-7.05113,110.3993,1,DELIVERY,0.0,0,0,12.77
1245,2026-07-10 16:55:18.282,1808,1783677318000.0,1783677318281.94,281.93994140625,479.614990234375,True,True,0,1245,1245,820,6560,295.7170998535156,27920.576808341244,-7.051124,110.3993,-7.05113,110.3993,1,DELIVERY,0.0,0,0,12.77
1246,2026-07-10 16:55:18.478,1809,1783677318000.0,1783677318478.409,478.408935546875,196.468994140625,True,True,0,1246,1246,820,6560,295.9135688476562,27924.207842777494,-7.051124,110.3993,-7.05113,110.3993,1,DELIVERY,0.0,0,0,12.77
1247,2026-07-10 16:55:18.639,1810,1783677318000.0,1783677318639.42,639.419921875,161.010986328125,True,True,0,1247,1247,816,6528,296.0745798339844,27931.070626316498,-7.051124,110.3993,-7.05113,110.3993,1,DELIVERY,0.0,0,0,12.77
1248,2026-07-10 16:55:18.763,1811,1783677318000.0,1783677318763.13,763.1298828125,123.7099609375,True,True,0,1248,1248,815,6520,296.1982897949219,27941.417236845537,-7.051124,110.3993,-7.05113,110.3993,1,DELIVERY,0.0,0,0,12.77
1249,2026-07-10 16:55:19.207,1813,1783677319000.0,1783677319206.452,206.451904296875,556.677978515625,True,True,0,1249,1249,816,6528,296.6416118164062,27921.66597694407,-7.051124,110.3993,-7.05113,110.3993,1,DELIVERY,0.0,0,0,12.77
1250,2026-07-10 16:55:19.503,1814,1783677319000.0,1783677319503.325,503.324951171875,296.873046875,True,True,0,1250,1250,816,6528,296.93848486328125,27915.73481563565,-7.051124,110.3993,-7.05113,110.3993,1,DELIVERY,0.0,0,0,12.77
1251,2026-07-10 16:55:19.770,1815,1783677319000.0,1783677319769.613,769.613037109375,266.2880859375,True,True,0,1251,1251,822,6576,297.20477294921875,27912.849170216556,-7.051124,110.3993,-7.05113,110.3993,1,DELIVERY,0.0,0,0,12.77
1252,2026-07-10 16:55:19.813,1816,1783677319000.0,1783677319813.075,813.074951171875,43.4619140625,True,True,0,1252,1252,820,6560,297.24823486328125,27930.837011761127,-7.051124,110.3993,-7.05113,110.3993,1,DELIVERY,0.0,0,0,12.77
1253,2026-07-10 16:55:20.118,1817,1783677320000.0,1783677320118.094,118.093994140625,694.98095703125,True,True,0,1253,1253,818,6544,297.55325390625,27924.198075205368,-7.051124,110.3993,-7.05113,110.3993,1,DELIVERY,0.0,0,0,12.77
1254,2026-07-10 16:55:20.412,1818,1783677320000.0,1783677320412.067,412.06689453125,293.972900390625,True,True,0,1254,1254,818,6544,297.8472268066406,27918.608103738785,-7.051124,110.3993,-7.05113,110.3993,1,DELIVERY,0.0,0,0,12.77
1255,2026-07-10 16:55:20.431,1819,1783677320000.0,1783677320430.755,430.7548828125,18.68798828125,True,True,0,1255,1255,826,6608,297.8659147949219,27939.040979998284,-7.051124,110.3993,-7.05113,110.3993,1,DELIVERY,0.0,0,0,12.77
1256,2026-07-10 16:55:20.600,1820,1783677320000.0,1783677320600.187,600.18701171875,169.43212890625,True,True,0,1256,1256,821,6568,298.0353469238281,27945.19538022662,-7.051124,110.3993,-7.05113,110.3993,1,DELIVERY,0.0,0,0,12.77
1257,2026-07-10 16:55:21.038,1822,1783677321000.0,1783677321037.935,37.93505859375,562.251953125,True,True,0,1257,1257,820,6560,298.47309497070313,27926.188793727455,-7.051124,110.3993,-7.05113,110.3993,1,DELIVERY,0.0,0,0,12.77
1258,2026-07-10 16:55:21.245,1823,1783677321000.0,1783677321243.104,243.10400390625,205.1689453125,True,True,0,1258,1258,819,6552,298.6782639160156,27928.9423027636,-7.051124,110.3993,-7.05113,110.3993,1,DELIVERY,0.0,0,0,12.77
1259,2026-07-10 16:55:21.448,1824,1783677321000.0,1783677321448.119,448.118896484375,205.014892578125,True,True,0,1259,1259,819,6552,298.88327880859373,27931.706428268622,-7.051124,110.3993,-7.05113,110.3993,1,DELIVERY,0.0,0,0,12.77
1260,2026-07-10 16:55:21.627,1825,1783677321000.0,1783677321625.911,625.910888671875,177.7919921875,True,True,0,1260,1260,823,6584,299.06107080078124,27937.116581668357,-7.051124,110.3993,-7.05113,110.3993,1,DELIVERY,0.0,0,0,12.77
1261,2026-07-10 16:55:22.269,1827,1783677322000.0,1783677322269.441,269.44091796875,356.469970703125,True,True,0,1261,1261,824,6592,299.7046008300781,27899.124594155535,-7.051124,110.3993,-7.05113,110.3993,1,DELIVERY,0.0,0,0,12.77
1262,2026-07-10 16:55:22.278,1828,1783677322000.0,1783677322278.332,278.33203125,8.89111328125,True,True,0,1262,1262,824,6592,299.7134919433594,27920.29129466558,-7.051124,110.3993,-7.05113,110.3993,1,DELIVERY,0.0,0,0,12.77
1263,2026-07-10 16:55:22.449,1829,1783677322000.0,1783677322448.94,448.93994140625,170.60791015625,True,True,0,1263,1263,824,6592,299.88409985351564,27926.388908550936,-7.051124,110.3993,-7.05113,110.3993,1,DELIVERY,0.0,0,0,12.77
1264,2026-07-10 16:55:22.678,1830,1783677322000.0,1783677322678.168,678.16796875,229.22802734375,True,True,0,1264,1264,823,6584,300.1133278808594,27926.996975380043,-7.051124,110.3993,-7.05113,110.3993,1,DELIVERY,0.0,0,0,12.77
1265,2026-07-10 16:55:23.086,1832,1783677323000.0,1783677323086.08,86.080078125,592.087890625,True,True,0,1265,1265,825,6600,300.5212399902344,27911.05214484197,-7.051125,110.3993,-7.05113,110.3993,1,DELIVERY,0.0,0,0,12.77
1266,2026-07-10 16:55:23.291,1833,1783677323000.0,1783677323290.687,290.68701171875,204.60693359375,True,True,0,1266,1266,829,6632,300.7258469238281,27914.115417309877,-7.051125,110.3993,-7.05113,110.3993,1,DELIVERY,0.0,0,0,12.77
1267,2026-07-10 16:55:23.817,1834,1783677323000.0,1783677323816.975,816.97509765625,526.2880859375,True,True,0,1267,1267,826,6608,301.25213500976565,27887.28451576837,-7.051125,110.3993,-7.05113,110.3993,1,DELIVERY,0.0,0,0,12.77
1268,2026-07-10 16:55:23.887,1835,1783677323000.0,1783677323887.237,887.237060546875,70.261962890625,True,True,0,1268,1268,826,6608,301.32239697265624,27902.711794646202,-7.051125,110.3993,-7.05113,110.3993,1,DELIVERY,0.0,0,0,12.77
1269,2026-07-10 16:55:24.117,1837,1783677324000.0,1783677324116.625,116.625,770.612060546875,True,True,0,1269,1269,826,6608,301.5517849121094,27903.39975089999,-7.051125,110.3993,-7.05113,110.3993,1,DELIVERY,0.0,0,0,12.77
1270,2026-07-10 16:55:24.294,1838,1783677324000.0,1783677324294.253,294.2529296875,177.6279296875,True,True,0,1270,1270,827,6616,301.7294128417969,27908.89996665746,-7.051125,110.3993,-7.05113,110.3993,1,DELIVERY,0.0,0,0,12.77
1271,2026-07-10 16:55:24.594,1839,1783677324000.0,1783677324594.41,594.409912109375,300.156982421875,True,True,0,1271,1271,827,6616,302.02956982421875,27903.06924220975,-7.051124,110.3993,-7.05113,110.3993,1,DELIVERY,0.0,0,0,12.77
1272,2026-07-10 16:55:24.718,1840,1783677324000.0,1783677324718.036,718.035888671875,123.6259765625,True,True,0,1272,1272,827,6616,302.15319580078125,27913.548879227816,-7.051124,110.3993,-7.05113,110.3993,1,DELIVERY,0.0,0,0,12.77
1273,2026-07-10 16:55:25.453,1842,1783677325000.0,1783677325453.099,453.09912109375,264.936767578125,True,True,0,1273,1273,823,6584,302.8882590332031,27867.544377395992,-7.051124,110.3993,-7.05113,110.3993,1,DELIVERY,0.0,0,0,12.77
1274,2026-07-10 16:55:25.537,1843,1783677325000.0,1783677325536.602,536.60205078125,83.5029296875,True,True,0,1274,1274,823,6584,302.97176196289064,27881.5951205204,-7.051124,110.3993,-7.05113,110.3993,1,DELIVERY,0.0,0,0,12.77
1275,2026-07-10 16:55:25.657,1844,1783677325000.0,1783677325657.497,657.4970703125,120.89501953125,True,True,0,1275,1275,823,6584,303.0926569824219,27892.19667730285,-7.051124,110.3993,-7.05113,110.3993,1,DELIVERY,0.0,0,0,12.77
1276,2026-07-10 16:55:25.861,1845,1783677325000.0,1783677325861.357,861.35693359375,203.85986328125,True,True,0,1276,1276,827,6616,303.29651684570314,27895.262655799477,-7.051124,110.3993,-7.05113,110.3993,1,DELIVERY,0.0,0,0,12.77
1277,2026-07-10 16:55:26.067,1846,1783677326000.0,1783677326066.806,66.805908203125,794.551025390625,True,True,0,1277,1277,825,6600,303.5019658203125,27898.12572421012,-7.051124,110.3993,-7.05113,110.3993,1,DELIVERY,0.0,0,0,12.77
1278,2026-07-10 16:55:26.520,1847,1783677326000.0,1783677326520.691,520.69091796875,453.885009765625,True,True,0,1278,1278,825,6600,303.95585083007813,27878.180258280707,-7.051123,110.3993,-7.05113,110.3993,1,DELIVERY,0.0,0,0,12.77
1279,2026-07-10 16:55:26.683,1848,1783677326000.0,1783677326682.578,682.577880859375,161.886962890625,True,True,0,1279,1279,825,6600,304.11773779296874,27885.042357421044,-7.051123,110.3993,-7.05113,110.3993,1,DELIVERY,0.0,0,0,12.77
1280,2026-07-10 16:55:26.684,1849,1783677326000.0,1783677326683.715,683.715087890625,1.13720703125,True,True,0,1280,1280,825,6600,304.118875,27906.64012551013,-7.051123,110.3993,-7.05113,110.3993,1,DELIVERY,0.0,0,0,12.77
1281,2026-07-10 16:55:26.887,1850,1783677326000.0,1783677326887.018,887.01806640625,203.302978515625,True,True,0,1281,1281,827,6616,304.32217797851564,27909.737162171674,-7.051124,110.3993,-7.05113,110.3993,1,DELIVERY,0.0,0,0,12.77
1282,2026-07-10 16:55:27.254,1851,1783677327000.0,1783677327254.48,254.47998046875,632.5380859375,True,True,0,1282,1282,827,6616,304.6896398925781,27897.791349245854,-7.051124,110.3993,-7.05113,110.3993,1,DELIVERY,0.0,0,0,12.77
1283,2026-07-10 16:55:27.290,1852,1783677327000.0,1783677327289.593,289.593017578125,35.113037109375,True,True,0,1283,1283,827,6616,304.7247529296875,27916.288119734283,-7.051124,110.3993,-7.05113,110.3993,1,DELIVERY,0.0,0,0,12.77
1284,2026-07-10 16:55:27.380,1853,1783677327000.0,1783677327380.332,380.33203125,90.739013671875,True,True,0,1284,1284,827,6616,304.81549194335935,27929.682791785253,-7.051124,110.3993,-7.05113,110.3993,1,DELIVERY,0.0,0,0,12.77
1285,2026-07-10 16:55:27.598,1854,1783677327000.0,1783677327597.878,597.8779296875,217.5458984375,True,True,0,1285,1285,827,6616,305.0330378417969,27931.453131377995,-7.051124,110.3993,-7.05113,110.3993,1,DELIVERY,0.0,0,0,12.77
1286,2026-07-10 16:55:28.104,1856,1783677328000.0,1783677328104.001,104.0009765625,493.876953125,True,True,0,1286,1286,822,6576,305.53916088867186,27906.707523841116,-7.051126,110.3993,-7.05113,110.3993,1,DELIVERY,0.0,0,0,12.77
1287,2026-07-10 16:55:28.212,1857,1783677328000.0,1783677328211.582,211.58203125,107.5810546875,True,True,0,1287,1287,822,6576,305.64674194335936,27918.39999911177,-7.051126,110.3993,-7.05113,110.3993,1,DELIVERY,0.0,0,0,12.77
1288,2026-07-10 16:55:28.411,1858,1783677328000.0,1783677328410.681,410.680908203125,199.098876953125,True,True,0,1288,1288,822,6576,305.8458408203125,27921.726766319458,-7.051126,110.3993,-7.05113,110.3993,1,DELIVERY,0.0,0,0,12.77
1289,2026-07-10 16:55:28.622,1859,1783677328000.0,1783677328621.205,621.205078125,210.524169921875,True,True,0,1289,1289,822,6576,306.0563649902344,27924.006743897306,-7.051126,110.3993,-7.05113,110.3993,1,DELIVERY,0.0,0,0,12.77
1290,2026-07-10 16:55:29.144,1861,1783677329000.0,1783677329144.257,144.257080078125,476.947998046875,True,True,0,1290,1290,826,6608,306.5794169921875,27897.919840515427,-7.051126,110.3993,-7.05113,110.3993,1,DELIVERY,0.0,0,0,12.77
1291,2026-07-10 16:55:29.268,1862,1783677329000.0,1783677329267.811,267.81103515625,123.553955078125,True,True,0,1291,1291,824,6592,306.7029709472656,27908.174392845125,-7.051129,110.3993,-7.05113,110.3993,1,DELIVERY,0.0,0,0,12.77
1292,2026-07-10 16:55:29.426,1863,1783677329000.0,1783677329425.768,425.76806640625,157.95703125,True,True,0,1292,1292,825,6600,306.86092797851563,27915.316741138653,-7.051129,110.3993,-7.05113,110.3993,1,DELIVERY,0.0,0,0,12.77
1293,2026-07-10 16:55:29.634,1864,1783677329000.0,1783677329634.303,634.302978515625,208.534912109375,True,True,0,1293,1293,824,6592,307.069462890625,27917.826537683144,-7.051129,110.3993,-7.05113,110.3993,1,DELIVERY,0.0,0,0,12.77
1294,2026-07-10 16:55:30.051,1866,1783677330000.0,1783677330050.656,50.656005859375,583.64697265625,True,True,0,1294,1294,820,6560,307.48581591796875,27901.358553360988,-7.05113,110.3993,-7.05113,110.3993,1,DELIVERY,0.0,0,0,12.77
1295,2026-07-10 16:55:30.367,1867,1783677330000.0,1783677330366.934,366.93408203125,316.278076171875,True,True,0,1295,1295,819,6552,307.80209399414065,27893.97527673558,-7.05113,110.3993,-7.05113,110.3993,1,DELIVERY,0.0,0,0,12.77
1296,2026-07-10 16:55:30.477,1868,1783677330000.0,1783677330477.007,477.007080078125,110.072998046875,True,True,0,1296,1296,820,6560,307.9121669921875,27905.308464858455,-7.05113,110.3993,-7.05113,110.3993,1,DELIVERY,0.0,0,0,12.77
1297,2026-07-10 16:55:30.673,1869,1783677330000.0,1783677330672.757,672.757080078125,195.75,True,True,0,1297,1297,818,6544,308.1079169921875,27908.81871502847,-7.05113,110.3993,-7.05113,110.3993,1,DELIVERY,0.0,0,0,12.77
1298,2026-07-10 16:55:31.074,1871,1783677331000.0,1783677331074.452,74.451904296875,598.30517578125,True,True,0,1298,1298,821,6568,308.5096118164063,27893.769498245394,-7.05113,110.3993,-7.05113,110.3993,1,DELIVERY,0.0,0,0,12.77
1299,2026-07-10 16:55:31.380,1872,1783677331000.0,1783677331380.382,380.382080078125,305.93017578125,True,True,0,1299,1299,823,6584,308.8155419921875,27887.456519976156,-7.051133,110.3993,-7.05113,110.3993,1,DELIVERY,0.0,0,0,12.77
1300,2026-07-10 16:55:31.689,1873,1783677331000.0,1783677331688.492,688.491943359375,308.10986328125,True,True,0,1300,1300,823,6584,309.1236518554687,27880.959442177107,-7.051133,110.3993,-7.05113,110.3993,1,DELIVERY,0.0,0,0,12.77
1301,2026-07-10 16:55:31.800,1874,1783677331000.0,1783677331799.583,799.5830078125,111.091064453125,True,True,0,1301,1301,825,6600,309.23474291992187,27892.28635358596,-7.051133,110.3993,-7.05113,110.3993,1,DELIVERY,0.0,0,0,12.77
1302,2026-07-10 16:55:32.113,1876,1783677332000.0,1783677332113.216,113.216064453125,686.366943359375,True,True,0,1302,1302,825,6600,309.5483759765625,27885.34739608378,-7.051133,110.3993,-7.05113,110.3993,1,DELIVERY,0.0,0,0,12.77
1303,2026-07-10 16:55:32.310,1877,1783677332000.0,1783677332309.788,309.7880859375,196.572021484375,True,True,0,1303,1303,826,6608,309.7449479980469,27888.984326725713,-7.051133,110.3993,-7.05113,110.3993,1,DELIVERY,0.0,0,0,12.77
1304,2026-07-10 16:55:32.610,1878,1783677332000.0,1783677332610.479,610.47900390625,300.69091796875,True,True,0,1304,1304,823,6584,310.0456389160156,27883.172394312413,-7.051133,110.3993,-7.05113,110.3993,1,DELIVERY,0.0,0,0,12.77
1305,2026-07-10 16:55:33.020,1879,1783677332000.0,1783677333019.608,1019.60791015625,409.12890625,True,True,0,1305,1305,823,6584,310.45476782226564,27867.634504982176,-7.051133,110.3993,-7.05113,110.3993,1,DELIVERY,0.0,0,0,12.77
1306,2026-07-10 16:55:33.126,1880,1783677333000.0,1783677333126.223,126.222900390625,893.385009765625,True,True,0,1306,1306,829,6632,310.5613828125,27879.422488363245,-7.051133,110.3993,-7.05113,110.3993,1,DELIVERY,0.0,0,0,12.77
1307,2026-07-10 16:55:33.137,1881,1783677333000.0,1783677333136.097,136.096923828125,9.8740234375,True,True,0,1307,1307,825,6600,310.5712568359375,27899.787276764342,-7.051133,110.3993,-7.05113,110.3993,1,DELIVERY,0.0,0,0,12.77
1308,2026-07-10 16:55:33.344,1882,1783677333000.0,1783677333344.396,344.39599609375,208.299072265625,True,True,0,1308,1308,823,6584,310.7795559082031,27902.27296212928,-7.051137,110.3993,-7.05113,110.3993,1,DELIVERY,0.0,0,0,12.77
1309,2026-07-10 16:55:33.633,1883,1783677333000.0,1783677333633.553,633.552978515625,289.156982421875,True,True,0,1309,1309,822,6576,311.068712890625,27897.47615360882,-7.051137,110.3993,-7.05113,110.3993,1,DELIVERY,0.0,0,0,12.77
1310,2026-07-10 16:55:33.754,1884,1783677333000.0,1783677333754.294,754.2939453125,120.740966796875,True,True,0,1310,1310,822,6576,311.1894538574219,27907.783802914604,-7.051137,110.3993,-7.05113,110.3993,1,DELIVERY,0.0,0,0,12.77
1311,2026-07-10 16:55:34.248,1886,1783677334000.0,1783677334248.439,248.43896484375,505.85498046875,True,True,0,1311,1311,823,6584,311.6835988769531,27884.662623621465,-7.051138,110.3993,-7.05113,110.3993,1,DELIVERY,0.0,0,0,12.77
1312,2026-07-10 16:55:34.453,1887,1783677334000.0,1783677334453.062,453.06201171875,204.623046875,True,True,0,1312,1312,829,6632,311.8882219238281,27887.63213419535,-7.051138,110.3993,-7.05113,110.3993,1,DELIVERY,0.0,0,0,12.77
1313,2026-07-10 16:55:34.580,1888,1783677334000.0,1783677334580.051,580.051025390625,126.989013671875,True,True,0,1313,1313,826,6608,312.0152109375,27897.460427798153,-7.051138,110.3993,-7.05113,110.3993,1,DELIVERY,0.0,0,0,12.77
1314,2026-07-10 16:55:35.070,1890,1783677335000.0,1783677335070.384,70.384033203125,509.6669921875,True,True,0,1314,1314,827,6616,312.5055439453125,27874.859082578085,-7.051138,110.3993,-7.05113,110.3993,1,DELIVERY,0.0,0,0,12.77
1315,2026-07-10 16:55:35.273,1891,1783677335000.0,1783677335272.811,272.81103515625,202.427001953125,True,True,0,1315,1315,827,6616,312.7079709472656,27877.97181374097,-7.051138,110.3993,-7.05113,110.3993,1,DELIVERY,0.0,0,0,12.77
1316,2026-07-10 16:55:35.752,1892,1783677335000.0,1783677335752.381,752.381103515625,479.570068359375,True,True,0,1316,1316,836,6688,313.187541015625,27856.638139908446,-7.051138,110.3993,-7.05113,110.3993,1,DELIVERY,0.001,0,0,12.77
1317,2026-07-10 16:55:35.824,1893,1783677335000.0,1783677335823.784,823.783935546875,71.40283203125,True,True,0,1317,1317,839,6712,313.25894384765627,27871.71498683875,-7.051138,110.3993,-7.05113,110.3993,1,DELIVERY,0.001,0,0,12.77
1318,2026-07-10 16:55:36.195,1895,1783677336000.0,1783677336195.552,195.552001953125,628.23193359375,True,True,0,1318,1318,833,6664,313.6307119140625,27859.92464409612,-7.051138,110.3993,-7.05113,110.3993,1,DELIVERY,0.001,0,0,12.77
1319,2026-07-10 16:55:36.311,1896,1783677336000.0,1783677336311.529,311.529052734375,115.97705078125,True,True,0,1319,1319,829,6632,313.74668896484377,27870.764242486814,-7.051138,110.3993,-7.05113,110.3993,1,DELIVERY,0.0,0,0,12.77
1320,2026-07-10 16:55:36.444,1897,1783677336000.0,1783677336444.584,444.583984375,133.054931640625,True,True,0,1320,1320,833,6664,313.8797438964844,27880.18077039732,-7.051138,110.3993,-7.05113,110.3993,1,DELIVERY,0.0,0,0,12.77
1321,2026-07-10 16:55:36.638,1898,1783677336000.0,1783677336637.103,637.10302734375,192.51904296875,True,True,0,1321,1321,826,6608,314.07226293945314,27884.13060751021,-7.051138,110.3993,-7.05113,110.3993,1,DELIVERY,0.0,0,0,12.77
1322,2026-07-10 16:55:37.219,1900,1783677337000.0,1783677337218.999,218.9990234375,418.10400390625,True,True,0,1322,1322,826,6608,314.6541589355469,27853.564782518093,-7.051138,110.3993,-7.05113,110.3993,1,DELIVERY,0.0,0,0,12.77
1323,2026-07-10 16:55:37.323,1901,1783677337000.0,1783677337323.551,323.551025390625,104.552001953125,True,True,0,1323,1323,828,6624,314.7587109375,27865.357479309238,-7.051142,110.3993,-7.05113,110.3993,1,DELIVERY,0.0,0,0,12.77
1324,2026-07-10 16:55:37.453,1902,1783677337000.0,1783677337453.426,453.426025390625,129.875,True,True,0,1324,1324,828,6624,314.8885859375,27874.90049493944,-7.051142,110.3993,-7.05113,110.3993,1,DELIVERY,0.0,0,0,12.77
1325,2026-07-10 16:55:37.730,1903,1783677337000.0,1783677337730.425,730.425048828125,276.9990234375,True,True,0,1325,1325,828,6624,315.1655849609375,27871.418768926585,-7.051142,110.3993,-7.05113,110.3993,1,DELIVERY,0.0,0,0,12.77
1326,2026-07-10 16:55:38.036,1904,1783677338000.0,1783677338036.601,36.60107421875,693.823974609375,True,True,0,1326,1326,828,6624,315.47176098632815,27865.36573833298,-7.051142,110.3993,-7.05113,110.3993,1,DELIVERY,0.0,0,0,12.77
1327,2026-07-10 16:55:38.144,1905,1783677338000.0,1783677338143.846,143.845947265625,107.244873046875,True,True,0,1327,1327,826,6608,315.579005859375,27876.835393543828,-7.051142,110.3993,-7.05113,110.3993,1,DELIVERY,0.0,0,0,12.77
1328,2026-07-10 16:55:38.345,1906,1783677338000.0,1783677338344.722,344.721923828125,200.8759765625,True,True,0,1328,1328,828,6624,315.7798818359375,27880.07883470574,-7.051142,110.3993,-7.05113,110.3993,1,DELIVERY,0.0,0,0,12.77
1329,2026-07-10 16:55:38.754,1907,1783677338000.0,1783677338754.555,754.554931640625,409.8330078125,True,True,0,1329,1329,828,6624,316.18971484375,27864.8911915237,-7.051142,110.3993,-7.05113,110.3993,1,DELIVERY,0.0,0,0,12.77
1330,2026-07-10 16:55:39.061,1908,1783677338000.0,1783677339061.271,1061.27099609375,306.716064453125,True,True,0,1330,1330,830,6640,316.49643090820314,27858.867080107317,-7.051144,110.3993,-7.051131,110.3993,1,DELIVERY,0.0,0,0,12.77
1331,2026-07-10 16:55:39.062,1909,1783677339000.0,1783677339062.352,62.35205078125,998.9189453125,True,True,0,1331,1331,830,6640,316.4975119628906,27879.751550889287,-7.051144,110.3993,-7.051131,110.3993,1,DELIVERY,0.0,0,0,12.77
1332,2026-07-10 16:55:39.114,1910,1783677339000.0,1783677339113.671,113.6708984375,51.31884765625,True,True,0,1332,1332,833,6664,316.54883081054686,27896.283734135915,-7.051144,110.3993,-7.051131,110.3993,1,DELIVERY,0.0,0,0,12.77
1333,2026-07-10 16:55:39.368,1911,1783677339000.0,1783677339368.605,368.60498046875,254.93408203125,True,True,0,1333,1333,831,6648,316.8037648925781,27894.820009467105,-7.051144,110.3993,-7.051131,110.3993,1,DELIVERY,0.0,0,0,12.77
1334,2026-07-10 16:55:39.526,1912,1783677339000.0,1783677339526.75,526.75,158.14501953125,True,True,0,1334,1334,831,6648,316.9619099121094,27901.876293124034,-7.051144,110.3993,-7.051131,110.3993,1,DELIVERY,0.0,0,0,12.77
1335,2026-07-10 16:55:39.777,1913,1783677339000.0,1783677339776.918,776.91796875,250.16796875,True,True,0,1335,1335,838,6704,317.2120778808594,27901.00572186959,-7.051144,110.3993,-7.051131,110.3993,1,DELIVERY,0.002,0,0,12.77
1336,2026-07-10 16:55:40.128,1915,1783677340000.0,1783677340128.077,128.076904296875,648.841064453125,True,True,0,1336,1336,834,6672,317.56323681640623,27891.16299731081,-7.051144,110.3993,-7.051131,110.3993,1,DELIVERY,0.002,0,0,12.77
1337,2026-07-10 16:55:40.393,1916,1783677340000.0,1783677340392.586,392.5859375,264.509033203125,True,True,0,1337,1337,835,6680,317.82774584960936,27888.96852383127,-7.051144,110.3993,-7.051131,110.3993,1,DELIVERY,0.001,0,0,12.77
1338,2026-07-10 16:55:40.894,1917,1783677340000.0,1783677340891.207,891.20703125,498.62109375,True,True,0,1338,1338,835,6680,318.3263669433594,27866.268462701246,-7.051144,110.3993,-7.051131,110.3993,1,DELIVERY,0.001,0,0,12.77
1339,2026-07-10 16:55:41.073,1918,1783677340000.0,1783677341045.362,1045.362060546875,154.155029296875,True,True,0,1339,1339,827,6616,318.4805219726563,27873.553914741973,-7.051144,110.3993,-7.051131,110.3993,1,DELIVERY,0.0,0,0,12.77
1340,2026-07-10 16:55:41.088,1919,1783677341000.0,1783677341083.095,83.094970703125,962.26708984375,True,True,0,1340,1340,828,6624,318.5182548828125,27891.04820151825,-7.051144,110.3993,-7.051131,110.3993,1,DELIVERY,0.0,0,0,12.77
1341,2026-07-10 16:55:41.177,1920,1783677341000.0,1783677341176.987,176.987060546875,93.89208984375,True,True,0,1341,1341,831,6648,318.61214697265626,27903.694458839924,-7.051144,110.3993,-7.051131,110.3993,1,DELIVERY,0.0,0,0,12.77
1342,2026-07-10 16:55:41.378,1921,1783677341000.0,1783677341372.046,372.0458984375,195.058837890625,True,True,0,1342,1342,829,6632,318.80720581054686,27907.42441777539,-7.051144,110.3993,-7.051131,110.3993,1,DELIVERY,0.0,0,0,12.77
1343,2026-07-10 16:55:41.568,1922,1783677341000.0,1783677341567.833,567.8330078125,195.787109375,True,True,0,1343,1343,825,6600,319.0029929199219,27910.985782616335,-7.051143,110.3993,-7.051131,110.3993,1,DELIVERY,0.0,0,0,12.77
1344,2026-07-10 16:55:41.818,1923,1783677341000.0,1783677341818.045,818.044921875,250.2119140625,True,True,0,1344,1344,825,6600,319.2532048339844,27909.784036885267,-7.051143,110.3993,-7.051131,110.3993,1,DELIVERY,0.0,0,0,12.77
1345,2026-07-10 16:55:42.180,1925,1783677342000.0,1783677342179.851,179.85107421875,638.19384765625,True,True,0,1345,1345,829,6632,319.6150109863281,27898.939954298425,-7.051143,110.3993,-7.051131,110.3993,1,DELIVERY,0.0,0,0,12.77
1346,2026-07-10 16:55:42.416,1926,1783677342000.0,1783677342415.855,415.85498046875,236.00390625,True,True,0,1346,1346,830,6640,319.8510148925781,27899.114226656355,-7.051143,110.3993,-7.051131,110.3993,1,DELIVERY,0.0,0,0,12.77
1347,2026-07-10 16:55:42.645,1927,1783677342000.0,1783677342644.964,644.964111328125,229.109130859375,True,True,0,1347,1347,829,6632,320.0801240234375,27899.86422070399,-7.051142,110.3993,-7.051131,110.3993,1,DELIVERY,0.0,0,0,12.77
1348,2026-07-10 16:55:43.157,1929,1783677343000.0,1783677343156.339,156.339111328125,488.625,True,True,0,1348,1348,834,6672,320.5914990234375,27876.172722055402,-7.051142,110.3993,-7.051132,110.3993,1,DELIVERY,-0.001,0,0,12.77
1349,2026-07-10 16:55:43.465,1930,1783677343000.0,1783677343464.801,464.801025390625,308.4619140625,True,True,0,1349,1349,834,6672,320.8999609375,27870.16855306469,-7.051142,110.3993,-7.051132,110.3993,1,DELIVERY,-0.001,0,0,12.77
1350,2026-07-10 16:55:43.580,1931,1783677343000.0,1783677343579.868,579.867919921875,115.06689453125,True,True,0,1350,1350,837,6696,321.01502783203125,27881.037409510758,-7.051142,110.3993,-7.051132,110.3993,1,DELIVERY,-0.001,0,0,12.77
1351,2026-07-10 16:55:43.620,1932,1783677343000.0,1783677343620.77,620.77001953125,40.902099609375,True,True,0,1351,1351,828,6624,321.0559299316406,27898.117321511858,-7.051142,110.3993,-7.051132,110.3993,1,DELIVERY,0.0,0,0,12.77
1352,2026-07-10 16:55:44.026,1934,1783677344000.0,1783677344026.437,26.43701171875,594.3330078125,True,True,0,1352,1352,826,6608,321.4615969238281,27883.467530101076,-7.05114,110.3993,-7.051132,110.3993,1,DELIVERY,0.0,0,0,12.77
1353,2026-07-10 16:55:44.285,1935,1783677344000.0,1783677344284.457,284.45703125,258.02001953125,True,True,0,1353,1353,823,6584,321.71961694335937,27881.56993727625,-7.05114,110.3993,-7.051132,110.3993,1,DELIVERY,0.0,0,0,12.77
1354,2026-07-10 16:55:44.599,1936,1783677344000.0,1783677344598.697,598.697021484375,314.239990234375,True,True,0,1354,1354,829,6632,322.03385693359377,27874.957265288635,-7.05114,110.3993,-7.051132,110.3993,1,DELIVERY,0.0,0,0,12.77
1355,2026-07-10 16:55:44.698,1937,1783677344000.0,1783677344697.721,697.720947265625,99.02392578125,True,True,0,1355,1355,830,6640,322.132880859375,27887.001091085793,-7.05114,110.3993,-7.051132,110.3993,1,DELIVERY,0.0,0,0,12.77
1356,2026-07-10 16:55:45.057,1939,1783677345000.0,1783677345056.76,56.760009765625,640.9609375,True,True,0,1356,1356,828,6624,322.491919921875,27876.493780612705,-7.05114,110.3993,-7.051132,110.3993,1,DELIVERY,0.0,0,0,12.77
1357,2026-07-10 16:55:45.322,1940,1783677345000.0,1783677345321.791,321.791015625,265.031005859375,True,True,0,1357,1357,828,6624,322.75695092773435,27874.126255500356,-7.05114,110.3993,-7.051132,110.3993,1,DELIVERY,0.0,0,0,12.77
1358,2026-07-10 16:55:45.719,1941,1783677345000.0,1783677345718.615,718.614990234375,396.823974609375,True,True,0,1358,1358,826,6608,323.15377490234374,27860.34606193518,-7.05114,110.3993,-7.051132,110.3993,1,DELIVERY,0.0,0,0,12.77
1359,2026-07-10 16:55:45.827,1942,1783677345000.0,1783677345826.863,826.863037109375,108.248046875,True,True,0,1359,1359,826,6608,323.26202294921876,27871.458322883005,-7.05114,110.3993,-7.051132,110.3993,1,DELIVERY,0.0,0,0,12.77
1360,2026-07-10 16:55:46.230,1944,1783677346000.0,1783677346230.276,230.27587890625,596.587158203125,True,True,0,1360,1360,826,6608,323.6654357910156,27857.13580433626,-7.05114,110.3993,-7.051132,110.3993,1,DELIVERY,0.0,0,0,12.77
1361,2026-07-10 16:55:46.335,1945,1783677346000.0,1783677346335.384,335.384033203125,105.108154296875,True,True,0,1361,1361,826,6608,323.7705439453125,27868.501840995326,-7.05114,110.3993,-7.051132,110.3993,1,DELIVERY,0.0,0,0,12.77
1362,2026-07-10 16:55:46.507,1946,1783677346000.0,1783677346506.871,506.87109375,171.487060546875,True,True,0,1362,1362,828,6624,323.94203100585935,27874.197034458535,-7.05114,110.3993,-7.051132,110.3993,1,DELIVERY,0.0,0,0,12.77
1363,2026-07-10 16:55:46.742,1947,1783677346000.0,1783677346741.758,741.758056640625,234.886962890625,True,True,0,1363,1363,826,6608,324.17691796875,27874.384322671223,-7.05114,110.3993,-7.051132,110.3993,1,DELIVERY,0.0,0,0,12.77
1364,2026-07-10 16:55:47.049,1948,1783677347000.0,1783677347048.948,48.947998046875,692.81005859375,True,True,0,1364,1364,830,6640,324.48410791015624,27868.458822962777,-7.051141,110.3993,-7.051132,110.3993,1,DELIVERY,0.0,0,0,12.77
1365,2026-07-10 16:55:47.366,1949,1783677347000.0,1783677347365.826,365.825927734375,316.8779296875,True,True,0,1365,1365,830,6640,324.80098583984375,27861.713463093452,-7.051141,110.3993,-7.051132,110.3993,1,DELIVERY,0.0,0,0,12.77
